surah ID;part;Verse;رقم المقرر;الحالة;اختبار
1;1;1;1;1;
1;1;2;1;;
1;1;3;1;;
1;1;4;1;;
1;1;5;1;;
1;1;6;1;;
1;1;7;1;;
2;1;1;1;;
2;1;2;1;;
2;1;3;1;;
2;1;4;1;;
2;1;5;1;2;
2;1;6;2;1;
2;1;7;2;;
2;1;8;2;;
2;1;9;2;;
2;1;10;2;2;
2;1;11;3;1;
2;1;12;3;;
2;1;13;3;;
2;1;14;3;;
2;1;15;3;;
2;1;16;3;2;
2;1;17;4;1;
2;1;18;4;;
2;1;19;4;;
2;1;20;4;2;
2;1;21;5;1;
2;1;22;5;;
2;1;23;5;;
2;1;24;5;2;
2;1;25;6;1;
2;1;26;6;2;
2;1;27;7;1;
2;1;28;7;;
2;1;29;7;2;
2;1;30;8;1;
2;1;31;8;;
2;1;32;8;2;
2;1;33;9;1;
2;1;34;9;;
2;1;35;9;;
2;1;36;9;;
2;1;37;9;2;
2;1;38;10;1;
2;1;39;10;;
2;1;40;10;;
2;1;41;10;;
2;1;42;10;2;
2;1;43;11;1;
2;1;44;11;;
2;1;45;11;;
2;1;46;11;;
2;1;47;11;;
2;1;48;11;2;
2;1;49;12;1;
2;1;50;12;;
2;1;51;12;;
2;1;52;12;;
2;1;53;12;2;
2;1;54;13;1;
2;1;55;13;;
2;1;56;13;;
2;1;57;13;2;
2;1;58;14;1;
2;1;59;14;;
2;1;60;14;2;
2;1;61;15;1;
2;1;61;15;2;
2;1;62;16;1;
2;1;63;16;;
2;1;64;16;;
2;1;65;16;2;
2;1;66;17;1;
2;1;67;17;;
2;1;68;17;;
2;1;69;17;2;
2;1;70;18;1;
2;1;71;18;;
2;1;72;18;;
2;1;73;18;2;
2;1;74;19;1;
2;1;75;19;;
2;1;76;19;2;
2;1;77;20;1;
2;1;78;20;;
2;1;79;20;;
2;1;80;20;2;
2;1;81;21;1;
2;1;82;21;;
2;1;83;21;2;
2;1;84;22;1;
2;1;85;22;2;
2;1;86;23;1;
2;1;87;23;;
2;1;88;23;2;
2;1;89;24;1;
2;1;90;24;2;
2;1;91;25;1;
2;1;92;25;;
2;1;93;25;2;
2;1;94;26;1;
2;1;95;26;;
2;1;96;26;;
2;1;97;26;2;
2;1;98;27;1;
2;1;99;27;;
2;1;100;27;;
2;1;101;27;2;
2;1;102;28;1;
2;1;102;28;2;
2;1;103;29;1;
2;1;104;29;;
2;1;105;29;2;
2;1;106;30;1;
2;1;107;30;;
2;1;108;30;2;
2;1;109;31;1;
2;1;110;31;;
2;1;111;31;;
2;1;112;31;2;
2;1;113;32;1;
2;1;114;32;;
2;1;115;32;2;
2;1;116;33;1;
2;1;117;33;;
2;1;118;33;;
2;1;119;33;2;
2;1;120;34;1;
2;1;121;34;;
2;1;122;34;;
2;1;123;34;2;
2;1;124;35;1;
2;1;125;35;;
2;1;126;35;2;
2;1;127;36;1;
2;1;128;36;;
2;1;129;36;;
2;1;130;36;2;
2;1;131;37;1;
2;1;132;37;;
2;1;133;37;;
2;1;134;37;2;
2;1;135;38;1;
2;1;136;38;;
2;1;137;38;2;
2;1;138;39;1;
2;1;139;39;;
2;1;140;39;;
2;1;141;39;2;1
2;2;142;40;1;
2;2;143;40;2;
2;2;144;41;1;
2;2;145;41;2;
2;2;146;42;1;
2;2;147;42;;
2;2;148;42;;
2;2;149;42;2;
2;2;150;43;1;
2;2;151;43;;
2;2;152;43;;
2;2;153;43;2;
2;2;154;44;1;
2;2;155;44;;
2;2;156;44;;
2;2;157;44;;
2;2;158;44;2;
2;2;159;45;1;
2;2;160;45;;
2;2;161;45;;
2;2;162;45;;
2;2;163;45;2;
2;2;164;46;1;
2;2;165;46;2;
2;2;166;47;1;
2;2;167;47;;
2;2;168;47;;
2;2;169;47;2;
2;2;170;48;1;
2;2;171;48;;
2;2;172;48;2;
2;2;173;49;1;
2;2;174;49;;
2;2;175;49;;
2;2;176;49;2;
2;2;177;50;1;
2;2;177;50;2;
2;2;178;51;1;
2;2;179;51;;
2;2;180;51;;
2;2;181;51;2;
2;2;182;52;1;
2;2;183;52;;
2;2;184;52;2;
2;2;185;53;1;
2;2;186;53;2;
2;2;187;54;1;
2;2;187;54;2;
2;2;188;55;1;
2;2;189;55;;
2;2;190;55;2;
2;2;191;56;1;
2;2;192;56;;
2;2;193;56;;
2;2;194;56;2;
2;2;195;57;1;
2;2;196;57;2;
2;2;197;58;1;
2;2;198;58;2;
2;2;199;59;1;
2;2;200;59;;
2;2;201;59;;
2;2;202;59;2;
2;2;203;60;1;
2;2;204;60;;
2;2;205;60;;
2;2;206;60;2;
2;2;207;61;1;
2;2;208;61;;
2;2;209;61;;
2;2;210;61;2;
2;2;211;62;1;
2;2;212;62;;
2;2;213;62;2;
2;2;214;63;1;
2;2;215;63;2;
2;2;216;64;1;
2;2;217;64;2;
2;2;218;65;1;
2;2;219;65;2;
2;2;220;66;1;
2;2;221;66;2;
2;2;222;67;1;
2;2;223;67;;
2;2;224;67;2;
2;2;225;68;1;
2;2;226;68;;
2;2;227;68;;
2;2;228;68;2;
2;2;229;69;1;
2;2;230;69;2;
2;2;231;70;1;
2;2;232;70;2;
2;2;233;71;1;
2;2;233;71;2;
2;2;234;72;1;
2;2;235;72;2;
2;2;236;73;1;
2;2;237;73;2;
2;2;238;74;1;
2;2;239;74;;
2;2;240;74;;
2;2;241;74;;
2;2;242;74;2;
2;2;243;75;1;
2;2;244;75;;
2;2;245;75;2;
2;2;246;76;1;
2;2;246;76;2;
2;2;247;77;1;
2;2;248;77;2;
2;2;249;78;1;
2;2;250;78;2;
2;2;251;79;1;
2;2;252;79;2;
2;3;253;80;1;
2;3;254;80;2;
2;3;255;81;1;
2;3;256;81;2;
2;3;257;82;1;
2;3;258;82;2;
2;3;259;83;1;
2;3;259;83;2;
2;3;260;84;1;
2;3;261;84;2;
2;3;262;85;1;
2;3;263;85;;
2;3;264;85;2;
2;3;265;86;1;
2;3;266;86;2;
2;3;267;87;1;
2;3;268;87;;
2;3;269;87;2;
2;3;270;88;1;
2;3;271;88;;
2;3;272;88;2;
2;3;273;89;1;
2;3;274;89;2;
2;3;275;90;1;
2;3;276;90;;
2;3;277;90;2;
2;3;278;91;1;
2;3;279;91;;
2;3;280;91;;
2;3;281;91;2;
2;3;282;92;1;
2;3;282;92;2;
2;3;282;93;1;
2;3;282;93;2;
2;3;283;94;1;
2;3;284;94;2;
2;3;285;95;1;
2;3;286;95;2;1
3;3;1;96;1;
3;3;2;96;;
3;3;3;96;;
3;3;4;96;;
3;3;5;96;;
3;3;6;96;2;
3;3;7;97;1;
3;3;8;97;;
3;3;9;97;2;
3;3;10;98;1;
3;3;11;98;;
3;3;12;98;;
3;3;13;98;2;
3;3;14;99;1;
3;3;15;99;2;
3;3;16;100;1;
3;3;17;100;;
3;3;18;100;;
3;3;19;100;2;
3;3;20;101;1;
3;3;21;101;;
3;3;22;101;2;
3;3;23;102;1;
3;3;24;102;;
3;3;25;102;;
3;3;26;102;2;
3;3;27;103;1;
3;3;28;103;;
3;3;29;103;2;
3;3;30;104;1;
3;3;31;104;;
3;3;32;104;;
3;3;33;104;;
3;3;34;104;2;
3;3;35;105;1;
3;3;36;105;;
3;3;37;105;2;
3;3;38;106;1;
3;3;39;106;;
3;3;40;106;;
3;3;41;106;2;
3;3;42;107;1;
3;3;43;107;;
3;3;44;107;;
3;3;45;107;2;
3;3;46;108;1;
3;3;47;108;;
3;3;48;108;;
3;3;49;108;2;
3;3;50;109;1;
3;3;51;109;;
3;3;52;109;2;
3;3;53;110;1;
3;3;54;110;;
3;3;55;110;;
3;3;56;110;2;
3;3;57;111;1;
3;3;58;111;;
3;3;59;111;;
3;3;60;111;;
3;3;61;111;2;
3;3;62;112;1;
3;3;63;112;;
3;3;64;112;;
3;3;65;112;2;
3;3;66;113;1;
3;3;67;113;;
3;3;68;113;;
3;3;69;113;;
3;3;70;113;2;
3;3;71;114;1;
3;3;72;114;;
3;3;73;114;;
3;3;74;114;2;
3;3;75;115;1;
3;3;76;115;;
3;3;77;115;2;
3;3;78;116;1;
3;3;79;116;;
3;3;80;116;2;
3;3;81;117;1;
3;3;82;117;;
3;3;83;117;2;
3;3;84;118;1;
3;3;85;118;;
3;3;86;118;;
3;3;87;118;2;
3;3;88;119;1;
3;3;89;119;;
3;3;90;119;;
3;3;91;119;2;
3;3;92;120;1;
3;4;93;120;;
3;4;94;120;;
3;4;95;120;;
3;4;96;120;2;
3;4;97;121;1;
3;4;98;121;;
3;4;99;121;;
3;4;100;121;2;
3;4;101;122;1;
3;4;102;122;;
3;4;103;122;;
3;4;104;122;2;
3;4;105;123;1;
3;4;106;123;;
3;4;107;123;;
3;4;108;123;2;1
3;4;109;124;1;
3;4;110;124;;
3;4;111;124;;
3;4;112;124;2;
3;4;113;125;1;
3;4;114;125;;
3;4;115;125;2;
3;4;116;126;1;
3;4;117;126;;
3;4;118;126;2;
3;4;119;127;1;
3;4;120;127;;
3;4;121;127;2;
3;4;122;128;1;
3;4;123;128;;
3;4;124;128;;
3;4;125;128;;
3;4;126;128;2;
3;4;127;129;1;
3;4;128;129;;
3;4;129;129;;
3;4;130;129;;
3;4;131;129;;
3;4;132;129;2;
3;4;133;130;1;
3;4;134;130;;
3;4;135;130;;
3;4;136;130;2;
3;4;137;131;1;
3;4;138;131;;
3;4;139;131;;
3;4;140;131;2;
3;4;141;132;1;
3;4;142;132;;
3;4;143;132;;
3;4;144;132;2;
3;4;145;133;1;
3;4;146;133;;
3;4;147;133;;
3;4;148;133;2;
3;4;149;134;1;
3;4;150;134;;
3;4;151;134;2;
3;4;152;135;1;
3;4;153;135;2;
3;4;154;136;1;
3;4;154;136;2;
3;4;155;137;1;
3;4;156;137;;
3;4;157;137;2;
3;4;158;138;1;
3;4;159;138;;
3;4;160;138;;
3;4;161;138;2;
3;4;162;139;1;
3;4;163;139;;
3;4;164;139;;
3;4;165;139;2;
3;4;166;140;1;
3;4;167;140;;
3;4;168;140;;
3;4;169;140;2;
3;4;170;141;1;
3;4;171;141;;
3;4;172;141;;
3;4;173;141;2;
3;4;174;142;1;
3;4;175;142;;
3;4;176;142;;
3;4;177;142;;
3;4;178;142;2;
3;4;179;143;1;
3;4;180;143;2;
3;4;181;144;1;
3;4;182;144;;
3;4;183;144;;
3;4;184;144;2;
3;4;185;145;1;
3;4;186;145;2;
3;4;187;146;1;
3;4;188;146;;
3;4;189;146;;
3;4;190;146;2;
3;4;191;147;1;
3;4;192;147;;
3;4;193;147;;
3;4;194;147;2;
3;4;195;148;1;
3;4;196;148;;
3;4;197;148;2;
3;4;198;149;1;
3;4;199;149;;
3;4;200;149;2;1
4;4;1;150;1;
4;4;2;150;;
4;4;3;150;2;
4;4;4;151;1;
4;4;5;151;;
4;4;6;151;2;
4;4;7;152;1;
4;4;8;152;;
4;4;9;152;;
4;4;10;152;2;
4;4;11;153;1;
4;4;11;153;2;
4;4;12;154;1;
4;4;12;154;2;
4;4;13;155;1;
4;4;14;155;2;
4;4;15;156;1;
4;4;16;156;;
4;4;17;156;2;
4;4;18;157;1;
4;4;19;157;2;
4;4;20;158;1;
4;4;21;158;;
4;4;22;158;2;
4;4;23;159;1;
4;4;23;159;2;
4;5;24;160;1;
4;5;24;160;2;
4;5;25;161;1;
4;5;26;161;2;
4;5;27;162;1;
4;5;28;162;;
4;5;29;162;;
4;5;30;162;2;
4;5;31;163;1;
4;5;32;163;;
4;5;33;163;2;
4;5;34;164;1;
4;5;35;164;2;
4;5;36;165;1;
4;5;37;165;2;
4;5;38;166;1;
4;5;39;166;;
4;5;40;166;;
4;5;41;166;;
4;5;42;166;2;
4;5;43;167;1;
4;5;44;167;2;
4;5;45;168;1;
4;5;46;168;;
4;5;47;168;2;
4;5;48;169;1;
4;5;49;169;;
4;5;50;169;;
4;5;51;169;2;
4;5;52;170;1;
4;5;53;170;;
4;5;54;170;;
4;5;55;170;;
4;5;56;170;2;
4;5;57;171;1;
4;5;58;171;;
4;5;59;171;2;
4;5;60;172;1;
4;5;61;172;;
4;5;62;172;2;
4;5;63;173;1;
4;5;64;173;;
4;5;65;173;2;
4;5;66;174;1;
4;5;67;174;;
4;5;68;174;;
4;5;69;174;;
4;5;70;174;2;
4;5;71;175;1;
4;5;72;175;;
4;5;73;175;;
4;5;74;175;2;
4;5;75;176;1;
4;5;76;176;2;
4;5;77;177;1;
4;5;78;177;;
4;5;79;177;2;
4;5;80;178;1;
4;5;81;178;;
4;5;82;178;;
4;5;83;178;2;
4;5;84;179;1;
4;5;85;179;;
4;5;86;179;2;1
4;5;87;180;1;
4;5;88;180;;
4;5;89;180;2;
4;5;90;181;1;
4;5;91;181;2;
4;5;92;182;1;
4;5;92;182;2;
4;5;93;183;1;
4;5;94;183;2;
4;5;95;184;1;
4;5;96;184;;
4;5;97;184;2;
4;5;98;185;1;
4;5;99;185;;
4;5;100;185;;
4;5;101;185;2;
4;5;102;186;1;
4;5;102;186;2;
4;5;103;187;1;
4;5;104;187;;
4;5;105;187;2;
4;5;106;188;1;
4;5;107;188;;
4;5;108;188;;
4;5;109;188;2;
4;5;110;189;1;
4;5;111;189;;
4;5;112;189;;
4;5;113;189;2;
4;5;114;190;1;
4;5;115;190;;
4;5;116;190;2;
4;5;117;191;1;
4;5;118;191;;
4;5;119;191;;
4;5;120;191;;
4;5;121;191;2;
4;5;122;192;1;
4;5;123;192;;
4;5;124;192;;
4;5;125;192;2;
4;5;126;193;1;
4;5;127;193;2;
4;5;128;194;1;
4;5;129;194;;
4;5;130;194;2;
4;5;131;195;1;
4;5;132;195;;
4;5;133;195;;
4;5;134;195;2;
4;5;135;196;1;
4;5;136;196;2;
4;5;137;197;1;
4;5;138;197;;
4;5;139;197;;
4;5;140;197;2;
4;5;141;198;1;
4;5;142;198;;
4;5;143;198;2;
4;5;144;199;1;
4;5;145;199;;
4;5;146;199;;
4;5;147;199;2;
4;6;148;200;1;
4;6;149;200;;
4;6;150;200;;
4;6;151;200;2;
4;6;152;201;1;
4;6;153;201;;
4;6;154;201;2;
4;6;155;202;1;
4;6;156;202;;
4;6;157;202;;
4;6;158;202;2;
4;6;159;203;1;
4;6;160;203;;
4;6;161;203;;
4;6;162;203;2;
4;6;163;204;1;
4;6;164;204;;
4;6;165;204;2;
4;6;166;205;1;
4;6;167;205;;
4;6;168;205;;
4;6;169;205;;
4;6;170;205;2;
4;6;171;206;1;
4;6;171;206;2;
4;6;172;207;1;
4;6;173;207;2;
4;6;174;208;1;
4;6;175;208;;
4;6;176;208;2;1
5;6;1;209;1;
5;6;2;209;2;
5;6;3;210;1;
5;6;3;210;2;
5;6;4;211;1;
5;6;5;211;2;
5;6;6;212;1;
5;6;6;212;2;
5;6;7;213;1;
5;6;8;213;;
5;6;9;213;2;
5;6;10;214;1;
5;6;11;214;2;
5;6;12;215;1;
5;6;13;215;2;
5;6;14;216;1;
5;6;15;216;2;
5;6;16;217;1;
5;6;17;217;2;
5;6;18;218;1;
5;6;19;218;;
5;6;20;218;2;
5;6;21;219;1;
5;6;22;219;;
5;6;23;219;2;
5;6;24;220;1;
5;6;25;220;;
5;6;26;220;;
5;6;27;220;2;
5;6;28;221;1;
5;6;29;221;;
5;6;30;221;;
5;6;31;221;2;
5;6;32;222;1;
5;6;33;222;2;
5;6;34;223;1;
5;6;35;223;;
5;6;36;223;2;
5;6;37;224;1;
5;6;38;224;;
5;6;39;224;;
5;6;40;224;2;
5;6;41;225;1;
5;6;41;225;2;
5;6;42;226;1;
5;6;43;226;2;
5;6;44;227;1;
5;6;45;227;2;
5;6;46;228;1;
5;6;47;228;2;
5;6;48;229;1;
5;6;49;229;;
5;6;50;229;2;
5;6;51;230;1;
5;6;52;230;;
5;6;53;230;2;
5;6;54;231;1;
5;6;55;231;;
5;6;56;231;;
5;6;57;231;2;
5;6;58;232;1;
5;6;59;232;;
5;6;60;232;;
5;6;61;232;2;
5;6;62;233;1;
5;6;63;233;;
5;6;64;233;2;
5;6;65;234;1;
5;6;66;234;;
5;6;67;234;2;
5;6;68;235;1;
5;6;69;235;;
5;6;70;235;2;
5;6;71;236;1;
5;6;72;236;;
5;6;73;236;2;
5;6;74;237;1;
5;6;75;237;;
5;6;76;237;;
5;6;77;237;2;
5;6;78;238;1;
5;6;79;238;;
5;6;80;238;;
5;6;81;238;2;
5;7;82;239;1;
5;7;83;239;2;
5;7;84;240;1;
5;7;85;240;;
5;7;86;240;;
5;7;87;240;;
5;7;88;240;2;
5;7;89;241;1;
5;7;90;241;2;
5;7;91;242;1;
5;7;92;242;;
5;7;93;242;2;
5;7;94;243;1;
5;7;95;243;2;
5;7;96;244;1;
5;7;97;244;;
5;7;98;244;;
5;7;99;244;2;
5;7;100;245;1;
5;7;101;245;;
5;7;102;245;;
5;7;103;245;2;
5;7;104;246;1;
5;7;105;246;;
5;7;106;246;2;
5;7;107;247;1;
5;7;108;247;2;
5;7;109;248;1;
5;7;110;248;2;
5;7;111;249;1;
5;7;112;249;;
5;7;113;249;2;
5;7;114;250;1;
5;7;115;250;;
5;7;116;250;2;
5;7;117;251;1;
5;7;118;251;;
5;7;119;251;;
5;7;120;251;2;1
6;7;1;252;1;
6;7;2;252;;
6;7;3;252;;
6;7;4;252;;
6;7;5;252;2;
6;7;6;253;1;
6;7;7;253;;
6;7;8;253;2;
6;7;9;254;1;
6;7;10;254;;
6;7;11;254;;
6;7;12;254;;
6;7;13;254;2;
6;7;14;255;1;
6;7;15;255;;
6;7;16;255;;
6;7;17;255;;
6;7;18;255;2;
6;7;19;256;1;
6;7;20;256;;
6;7;21;256;;
6;7;22;256;;
6;7;23;256;2;
6;7;24;257;1;
6;7;25;257;;
6;7;26;257;;
6;7;27;257;2;
6;7;28;258;1;
6;7;29;258;;
6;7;30;258;;
6;7;31;258;;
6;7;32;258;2;
6;7;33;259;1;
6;7;34;259;;
6;7;35;259;2;
6;7;36;260;1;
6;7;37;260;;
6;7;38;260;;
6;7;39;260;2;
6;7;40;261;1;
6;7;41;261;;
6;7;42;261;;
6;7;43;261;;
6;7;44;261;2;
6;7;45;262;1;
6;7;46;262;;
6;7;47;262;;
6;7;48;262;;
6;7;49;262;2;
6;7;50;263;1;
6;7;51;263;;
6;7;52;263;2;
6;7;53;264;1;
6;7;54;264;;
6;7;55;264;2;
6;7;56;265;1;
6;7;57;265;;
6;7;58;265;;
6;7;59;265;2;
6;7;60;266;1;
6;7;61;266;;
6;7;62;266;;
6;7;63;266;2;
6;7;64;267;1;
6;7;65;267;;
6;7;66;267;;
6;7;67;267;;
6;7;68;267;2;
6;7;69;268;1;
6;7;70;268;2;
6;7;71;269;1;
6;7;72;269;;
6;7;73;269;2;
6;7;74;270;1;
6;7;75;270;;
6;7;76;270;;
6;7;77;270;;
6;7;78;270;2;
6;7;79;271;1;
6;7;80;271;;
6;7;81;271;2;
6;7;82;272;1;
6;7;83;272;;
6;7;84;272;;
6;7;85;272;2;
6;7;86;273;1;
6;7;87;273;;
6;7;88;273;;
6;7;89;273;;
6;7;90;273;2;
6;7;91;274;1;
6;7;92;274;2;
6;7;93;275;1;
6;7;94;275;2;
6;7;95;276;1;
6;7;96;276;;
6;7;97;276;;
6;7;98;276;2;
6;7;99;277;1;
6;7;100;277;;
6;7;101;277;2;
6;7;102;278;1;
6;7;103;278;;
6;7;104;278;;
6;7;105;278;;
6;7;106;278;2;
6;7;107;279;1;
6;7;108;279;;
6;7;109;279;;
6;7;110;279;2;
6;8;111;280;1;
6;8;112;280;;
6;8;113;280;2;
6;8;114;281;1;
6;8;115;281;;
6;8;116;281;;
6;8;117;281;;
6;8;118;281;2;
6;8;119;282;1;
6;8;120;282;;
6;8;121;282;2;
6;8;122;283;1;
6;8;123;283;;
6;8;124;283;2;
6;8;125;284;1;
6;8;126;284;;
6;8;127;284;2;
6;8;128;285;1;
6;8;129;285;;
6;8;130;285;;
6;8;131;285;2;
6;8;132;286;1;
6;8;133;286;;
6;8;134;286;;
6;8;135;286;2;
6;8;136;287;1;
6;8;137;287;2;
6;8;138;288;1;
6;8;139;288;2;
6;8;140;289;1;
6;8;141;289;;
6;8;142;289;2;
6;8;143;290;1;
6;8;144;290;2;
6;8;145;291;1;
6;8;146;291;2;
6;8;147;292;1;
6;8;148;292;;
6;8;149;292;2;
6;8;150;293;1;
6;8;151;293;2;
6;8;152;294;1;
6;8;153;294;;
6;8;154;294;2;
6;8;155;295;1;
6;8;156;295;;
6;8;157;295;2;
6;8;158;296;1;
6;8;159;296;;
6;8;160;296;2;
6;8;161;297;1;
6;8;162;297;;
6;8;163;297;;
6;8;164;297;;
6;8;165;297;2;1
7;8;1;298;1;
7;8;2;298;;
7;8;3;298;;
7;8;4;298;;
7;8;5;298;;
7;8;6;298;;
7;8;7;298;2;
7;8;8;299;1;
7;8;9;299;;
7;8;10;299;;
7;8;11;299;2;
7;8;12;300;1;
7;8;13;300;;
7;8;14;300;;
7;8;15;300;;
7;8;16;300;;
7;8;17;300;;
7;8;18;300;2;
7;8;19;301;1;
7;8;20;301;;
7;8;21;301;;
7;8;22;301;2;
7;8;23;302;1;
7;8;24;302;;
7;8;25;302;;
7;8;26;302;2;
7;8;27;303;1;
7;8;28;303;;
7;8;29;303;;
7;8;30;303;2;
7;8;31;304;1;
7;8;32;304;;
7;8;33;304;;
7;8;34;304;2;
7;8;35;305;1;
7;8;36;305;;
7;8;37;305;2;
7;8;38;306;1;
7;8;39;306;2;
7;8;40;307;1;
7;8;41;307;;
7;8;42;307;;
7;8;43;307;2;
7;8;44;308;1;
7;8;45;308;;
7;8;46;308;;
7;8;47;308;2;
7;8;48;309;1;
7;8;49;309;;
7;8;50;309;;
7;8;51;309;2;
7;8;52;310;1;
7;8;53;310;;
7;8;54;310;2;
7;8;55;311;1;
7;8;56;311;;
7;8;57;311;2;
7;8;58;312;1;
7;8;59;312;;
7;8;60;312;;
7;8;61;312;;
7;8;62;312;2;
7;8;63;313;1;
7;8;64;313;;
7;8;65;313;;
7;8;66;313;;
7;8;67;313;2;
7;8;68;314;1;
7;8;69;314;;
7;8;70;314;2;
7;8;71;315;1;
7;8;72;315;;
7;8;73;315;2;
7;8;74;316;1;
7;8;75;316;;
7;8;76;316;2;
7;8;77;317;1;
7;8;78;317;;
7;8;79;317;;
7;8;80;317;;
7;8;81;317;2;
7;8;82;318;1;
7;8;83;318;;
7;8;84;318;;
7;8;85;318;2;
7;8;86;319;1;
7;8;87;319;2;
7;9;88;320;1;
7;9;89;320;;
7;9;90;320;2;
7;9;91;321;1;
7;9;92;321;;
7;9;93;321;;
7;9;94;321;;
7;9;95;321;2;
7;9;96;322;1;
7;9;97;322;;
7;9;98;322;;
7;9;99;322;;
7;9;100;322;2;
7;9;101;323;1;
7;9;102;323;;
7;9;103;323;;
7;9;104;323;2;
7;9;105;324;1;
7;9;106;324;;
7;9;107;324;;
7;9;108;324;;
7;9;109;324;;
7;9;110;324;;
7;9;111;324;;
7;9;112;324;2;
7;9;113;325;1;
7;9;114;325;;
7;9;115;325;;
7;9;116;325;;
7;9;117;325;;
7;9;118;325;;
7;9;119;325;;
7;9;120;325;2;
7;9;121;326;1;
7;9;122;326;;
7;9;123;326;;
7;9;124;326;;
7;9;125;326;;
7;9;126;326;;
7;9;127;326;2;
7;9;128;327;1;
7;9;129;327;;
7;9;130;327;2;
7;9;131;328;1;
7;9;132;328;;
7;9;133;328;;
7;9;134;328;2;
7;9;135;329;1;
7;9;136;329;;
7;9;137;329;2;
7;9;138;330;1;
7;9;139;330;;
7;9;140;330;;
7;9;141;330;2;
7;9;142;331;1;
7;9;143;331;2;
7;9;144;332;1;
7;9;145;332;;
7;9;146;332;2;
7;9;147;333;1;
7;9;148;333;;
7;9;149;333;2;
7;9;150;334;1;
7;9;151;334;;
7;9;152;334;2;
7;9;153;335;1;
7;9;154;335;;
7;9;155;335;2;
7;9;156;336;1;
7;9;157;336;2;
7;9;158;337;1;
7;9;159;337;2;
7;9;160;338;1;
7;9;160;338;2;
7;9;161;339;1;
7;9;162;339;;
7;9;163;339;2;
7;9;164;340;1;
7;9;165;340;;
7;9;166;340;;
7;9;167;340;2;
7;9;168;341;1;
7;9;169;341;;
7;9;170;341;2;
7;9;171;342;1;
7;9;172;342;;
7;9;173;342;;
7;9;174;342;2;
7;9;175;343;1;
7;9;176;343;;
7;9;177;343;;
7;9;178;343;2;
7;9;179;344;1;
7;9;180;344;;
7;9;181;344;;
7;9;182;344;;
7;9;183;344;;
7;9;184;344;2;
7;9;185;345;1;
7;9;186;345;;
7;9;187;345;2;
7;9;188;346;1;
7;9;189;346;;
7;9;190;346;;
7;9;191;346;2;
7;9;192;347;1;
7;9;193;347;;
7;9;194;347;;
7;9;195;347;2;
7;9;196;348;1;
7;9;197;348;;
7;9;198;348;;
7;9;199;348;;
7;9;200;348;;
7;9;201;348;2;
7;9;202;349;1;
7;9;203;349;;
7;9;204;349;;
7;9;205;349;;
7;9;206;349;2;1
8;9;1;350;1;
8;9;2;350;;
8;9;3;350;;
8;9;4;350;2;
8;9;5;351;1;
8;9;6;351;;
8;9;7;351;;
8;9;8;351;2;
8;9;9;352;1;
8;9;10;352;;
8;9;11;352;;
8;9;12;352;2;
8;9;13;353;1;
8;9;14;353;;
8;9;15;353;;
8;9;16;353;2;
8;9;17;354;1;
8;9;18;354;;
8;9;19;354;;
8;9;20;354;;
8;9;21;354;2;
8;9;22;355;1;
8;9;23;355;;
8;9;24;355;;
8;9;25;355;2;
8;9;26;356;1;
8;9;27;356;;
8;9;28;356;;
8;9;29;356;2;
8;9;30;357;1;
8;9;31;357;;
8;9;32;357;;
8;9;33;357;2;
8;9;34;358;1;
8;9;35;358;;
8;9;36;358;2;
8;9;37;359;1;
8;9;38;359;;
8;9;39;359;;
8;9;40;359;2;
8;10;41;360;1;
8;10;42;360;2;
8;10;43;361;1;
8;10;44;361;;
8;10;45;361;2;
8;10;46;362;1;
8;10;47;362;;
8;10;48;362;2;
8;10;49;363;1;
8;10;50;363;;
8;10;51;363;;
8;10;52;363;2;
8;10;53;364;1;
8;10;54;364;;
8;10;55;364;;
8;10;56;364;;
8;10;57;364;2;
8;10;58;365;1;
8;10;59;365;;
8;10;60;365;;
8;10;61;365;2;
8;10;62;366;1;
8;10;63;366;;
8;10;64;366;;
8;10;65;366;2;
8;10;66;367;1;
8;10;67;367;;
8;10;68;367;;
8;10;69;367;2;
8;10;70;368;1;
8;10;71;368;;
8;10;72;368;2;
8;10;73;369;1;
8;10;74;369;;
8;10;75;369;2;1
9;10;1;370;1;
9;10;2;370;;
9;10;3;370;2;
9;10;4;371;1;
9;10;5;371;;
9;10;6;371;2;
9;10;7;372;1;
9;10;8;372;;
9;10;9;372;;
9;10;10;372;2;
9;10;11;373;1;
9;10;12;373;;
9;10;13;373;2;
9;10;14;374;1;
9;10;15;374;;
9;10;16;374;;
9;10;17;374;2;
9;10;18;375;1;
9;10;19;375;;
9;10;20;375;2;
9;10;21;376;1;
9;10;22;376;;
9;10;23;376;;
9;10;24;376;2;
9;10;25;377;1;
9;10;26;377;2;
9;10;27;378;1;
9;10;28;378;;
9;10;29;378;2;
9;10;30;379;1;
9;10;31;379;2;
9;10;32;380;1;
9;10;33;380;;
9;10;34;380;2;
9;10;35;381;1;
9;10;36;381;2;
9;10;37;382;1;
9;10;38;382;2;
9;10;39;383;1;
9;10;40;383;2;
9;10;41;384;1;
9;10;42;384;;
9;10;43;384;2;
9;10;44;385;1;
9;10;45;385;;
9;10;46;385;;
9;10;47;385;2;
9;10;48;386;1;
9;10;49;386;;
9;10;50;386;;
9;10;51;386;2;
9;10;52;387;1;
9;10;53;387;;
9;10;54;387;2;
9;10;55;388;1;
9;10;56;388;;
9;10;57;388;;
9;10;58;388;;
9;10;59;388;2;
9;10;60;389;1;
9;10;61;389;2;
9;10;62;390;1;
9;10;63;390;;
9;10;64;390;;
9;10;65;390;2;
9;10;66;391;1;
9;10;67;391;;
9;10;68;391;2;
9;10;69;392;1;
9;10;70;392;2;
9;10;71;393;1;
9;10;72;393;2;
9;10;73;394;1;
9;10;74;394;;
9;10;75;394;2;
9;10;76;395;1;
9;10;77;395;;
9;10;78;395;;
9;10;79;395;2;
9;10;80;396;1;
9;10;81;396;;
9;10;82;396;2;
9;10;83;397;1;
9;10;84;397;;
9;10;85;397;;
9;10;86;397;2;
9;10;87;398;1;
9;10;88;398;;
9;10;89;398;;
9;10;90;398;2;
9;10;91;399;1;
9;10;92;399;;
9;11;93;399;2;
9;11;94;400;1;
9;11;95;400;;
9;11;96;400;2;
9;11;97;401;1;
9;11;98;401;;
9;11;99;401;2;
9;11;100;402;1;
9;11;101;402;;
9;11;102;402;2;
9;11;103;403;1;
9;11;104;403;;
9;11;105;403;;
9;11;106;403;2;
9;11;107;404;1;
9;11;108;404;;
9;11;109;404;2;
9;11;110;405;1;
9;11;111;405;2;
9;11;112;406;1;
9;11;113;406;;
9;11;114;406;2;
9;11;115;407;1;
9;11;116;407;;
9;11;117;407;2;
9;11;118;408;1;
9;11;119;408;;
9;11;120;408;2;
9;11;121;409;1;
9;11;122;409;2;
9;11;123;410;1;
9;11;124;410;;
9;11;125;410;2;
9;11;126;411;1;
9;11;127;411;;
9;11;128;411;;
9;11;129;411;2;1
10;11;1;412;1;
10;11;2;412;;
10;11;3;412;2;
10;11;4;413;1;
10;11;5;413;;
10;11;6;413;2;
10;11;7;414;1;
10;11;8;414;;
10;11;9;414;;
10;11;10;414;2;
10;11;11;415;1;
10;11;12;415;;
10;11;13;415;;
10;11;14;415;2;
10;11;15;416;1;
10;11;16;416;;
10;11;17;416;2;
10;11;18;417;1;
10;11;19;417;;
10;11;20;417;2;
10;11;21;418;1;
10;11;22;418;2;
10;11;23;419;1;
10;11;24;419;;
10;11;25;419;2;
10;11;26;420;1;
10;11;27;420;;
10;11;28;420;2;
10;11;29;421;1;
10;11;30;421;;
10;11;31;421;;
10;11;32;421;;
10;11;33;421;2;
10;11;34;422;1;
10;11;35;422;;
10;11;36;422;;
10;11;37;422;2;
10;11;38;423;1;
10;11;39;423;;
10;11;40;423;;
10;11;41;423;;
10;11;42;423;2;
10;11;43;424;1;
10;11;44;424;;
10;11;45;424;;
10;11;46;424;;
10;11;47;424;2;
10;11;48;425;1;
10;11;49;425;;
10;11;50;425;;
10;11;51;425;;
10;11;52;425;;
10;11;53;425;2;
10;11;54;426;1;
10;11;55;426;;
10;11;56;426;;
10;11;57;426;;
10;11;58;426;2;
10;11;59;427;1;
10;11;60;427;;
10;11;61;427;2;
10;11;62;428;1;
10;11;63;428;;
10;11;64;428;;
10;11;65;428;;
10;11;66;428;2;
10;11;67;429;1;
10;11;68;429;;
10;11;69;429;;
10;11;70;429;2;
10;11;71;430;1;
10;11;72;430;;
10;11;73;430;2;
10;11;74;431;1;
10;11;75;431;;
10;11;76;431;;
10;11;77;431;;
10;11;78;431;2;
10;11;79;432;1;
10;11;80;432;;
10;11;81;432;;
10;11;82;432;;
10;11;83;432;;
10;11;84;432;2;
10;11;85;433;1;
10;11;86;433;;
10;11;87;433;;
10;11;88;433;2;
10;11;89;434;1;
10;11;90;434;;
10;11;91;434;;
10;11;92;434;2;
10;11;93;435;1;
10;11;94;435;;
10;11;95;435;;
10;11;96;435;;
10;11;97;435;2;
10;11;98;436;1;
10;11;99;436;;
10;11;100;436;;
10;11;101;436;2;
10;11;102;437;1;
10;11;103;437;;
10;11;104;437;;
10;11;105;437;;
10;11;106;437;2;
10;11;107;438;1;
10;11;108;438;;
10;11;109;438;2;1
11;11;1;439;1;
11;11;2;439;;
11;11;3;439;;
11;11;4;439;;
11;11;5;439;2;
11;12;6;440;1;
11;12;7;440;;
11;12;8;440;2;
11;12;9;441;1;
11;12;10;441;;
11;12;11;441;;
11;12;12;441;2;
11;12;13;442;1;
11;12;14;442;;
11;12;15;442;;
11;12;16;442;2;
11;12;17;443;1;
11;12;18;443;;
11;12;19;443;2;
11;12;20;444;1;
11;12;21;444;;
11;12;22;444;;
11;12;23;444;;
11;12;24;444;2;
11;12;25;445;1;
11;12;26;445;;
11;12;27;445;;
11;12;28;445;2;
11;12;29;446;1;
11;12;30;446;;
11;12;31;446;;
11;12;32;446;2;
11;12;33;447;1;
11;12;34;447;;
11;12;35;447;;
11;12;36;447;;
11;12;37;447;2;
11;12;38;448;1;
11;12;39;448;;
11;12;40;448;;
11;12;41;448;2;
11;12;42;449;1;
11;12;43;449;;
11;12;44;449;;
11;12;45;449;2;
11;12;46;450;1;
11;12;47;450;;
11;12;48;450;;
11;12;49;450;2;
11;12;50;451;1;
11;12;51;451;;
11;12;52;451;;
11;12;53;451;2;
11;12;54;452;1;
11;12;55;452;;
11;12;56;452;;
11;12;57;452;;
11;12;58;452;2;
11;12;59;453;1;
11;12;60;453;;
11;12;61;453;;
11;12;62;453;2;
11;12;63;454;1;
11;12;64;454;;
11;12;65;454;;
11;12;66;454;2;
11;12;67;455;1;
11;12;68;455;;
11;12;69;455;;
11;12;70;455;;
11;12;71;455;2;
11;12;72;456;1;
11;12;73;456;;
11;12;74;456;;
11;12;75;456;;
11;12;76;456;;
11;12;77;456;2;
11;12;78;457;1;
11;12;79;457;;
11;12;80;457;;
11;12;81;457;2;
11;12;82;458;1;
11;12;83;458;;
11;12;84;458;;
11;12;85;458;2;
11;12;86;459;1;
11;12;87;459;;
11;12;88;459;2;
11;12;89;460;1;
11;12;90;460;;
11;12;91;460;;
11;12;92;460;2;
11;12;93;461;1;
11;12;94;461;;
11;12;95;461;;
11;12;96;461;;
11;12;97;461;2;
11;12;98;462;1;
11;12;99;462;;
11;12;100;462;;
11;12;101;462;;
11;12;102;462;2;
11;12;103;463;1;
11;12;104;463;;
11;12;105;463;;
11;12;106;463;;
11;12;107;463;;
11;12;108;463;2;
11;12;109;464;1;
11;12;110;464;;
11;12;111;464;;
11;12;112;464;2;
11;12;113;465;1;
11;12;114;465;;
11;12;115;465;;
11;12;116;465;;
11;12;117;465;2;
11;12;118;466;1;
11;12;119;466;;
11;12;120;466;;
11;12;121;466;;
11;12;122;466;;
11;12;123;466;2;1
12;12;1;467;1;
12;12;2;467;;
12;12;3;467;;
12;12;4;467;2;
12;12;5;468;1;
12;12;6;468;;
12;12;7;468;;
12;12;8;468;2;
12;12;9;469;1;
12;12;10;469;;
12;12;11;469;;
12;12;12;469;;
12;12;13;469;;
12;12;14;469;2;
12;12;15;470;1;
12;12;16;470;;
12;12;17;470;;
12;12;18;470;2;
12;12;19;471;1;
12;12;20;471;;
12;12;21;471;;
12;12;22;471;2;
12;12;23;472;1;
12;12;24;472;;
12;12;25;472;2;
12;12;26;473;1;
12;12;27;473;;
12;12;28;473;;
12;12;29;473;;
12;12;30;473;2;
12;12;31;474;1;
12;12;32;474;;
12;12;33;474;2;
12;12;34;475;1;
12;12;35;475;;
12;12;36;475;;
12;12;37;475;2;
12;12;38;476;1;
12;12;39;476;;
12;12;40;476;2;
12;12;41;477;1;
12;12;42;477;;
12;12;43;477;2;
12;12;44;478;1;
12;12;45;478;;
12;12;46;478;;
12;12;47;478;;
12;12;48;478;2;
12;12;49;479;1;
12;12;50;479;;
12;12;51;479;;
12;12;52;479;2;
12;13;53;480;1;
12;13;54;480;;
12;13;55;480;;
12;13;56;480;;
12;13;57;480;2;
12;13;58;481;1;
12;13;59;481;;
12;13;60;481;;
12;13;61;481;;
12;13;62;481;;
12;13;63;481;2;
12;13;64;482;1;
12;13;65;482;;
12;13;66;482;2;
12;13;67;483;1;
12;13;68;483;;
12;13;69;483;2;
12;13;70;484;1;
12;13;71;484;;
12;13;72;484;;
12;13;73;484;;
12;13;74;484;;
12;13;75;484;2;
12;13;76;485;1;
12;13;77;485;;
12;13;78;485;2;
12;13;79;486;1;
12;13;80;486;;
12;13;81;486;2;
12;13;82;487;1;
12;13;83;487;;
12;13;84;487;;
12;13;85;487;;
12;13;86;487;2;
12;13;87;488;1;
12;13;88;488;;
12;13;89;488;2;
12;13;90;489;1;
12;13;91;489;;
12;13;92;489;;
12;13;93;489;;
12;13;94;489;;
12;13;95;489;2;
12;13;96;490;1;
12;13;97;490;;
12;13;98;490;;
12;13;99;490;2;
12;13;100;491;1;
12;13;101;491;;
12;13;102;491;;
12;13;103;491;2;
12;13;104;492;1;
12;13;105;492;;
12;13;106;492;;
12;13;107;492;;
12;13;108;492;2;
12;13;109;493;1;
12;13;110;493;;
12;13;111;493;2;1
13;13;1;494;1;
13;13;2;494;;
13;13;3;494;2;
13;13;4;495;1;
13;13;5;495;2;
13;13;6;496;1;
13;13;7;496;;
13;13;8;496;;
13;13;9;496;2;
13;13;10;497;1;
13;13;11;497;;
13;13;12;497;;
13;13;13;497;2;
13;13;14;498;1;
13;13;15;498;;
13;13;16;498;2;
13;13;17;499;1;
13;13;18;499;2;
13;13;19;500;1;
13;13;20;500;;
13;13;21;500;;
13;13;22;500;;
13;13;23;500;;
13;13;24;500;2;
13;13;25;501;1;
13;13;26;501;;
13;13;27;501;;
13;13;28;501;2;
13;13;29;502;1;
13;13;30;502;;
13;13;31;502;2;
13;13;32;503;1;
13;13;33;503;;
13;13;34;503;2;
13;13;35;504;1;
13;13;36;504;;
13;13;37;504;;
13;13;38;504;;
13;13;39;504;2;
13;13;40;505;1;
13;13;41;505;;
13;13;42;505;;
13;13;43;505;2;
14;13;1;506;1;
14;13;2;506;;
14;13;3;506;2;
14;13;4;507;1;
14;13;5;507;2;
14;13;6;508;1;
14;13;7;508;;
14;13;8;508;2;
14;13;9;509;1;
14;13;10;509;2;
14;13;11;510;1;
14;13;12;510;;
14;13;13;510;2;
14;13;14;511;1;
14;13;15;511;;
14;13;16;511;;
14;13;17;511;;
14;13;18;511;2;
14;13;19;512;1;
14;13;20;512;;
14;13;21;512;2;
14;13;22;513;1;
14;13;23;513;;
14;13;24;513;2;
14;13;25;514;1;
14;13;26;514;;
14;13;27;514;;
14;13;28;514;;
14;13;29;514;;
14;13;30;514;2;
14;13;31;515;1;
14;13;32;515;;
14;13;33;515;2;
14;13;34;516;1;
14;13;35;516;;
14;13;36;516;;
14;13;37;516;2;
14;13;38;517;1;
14;13;39;517;;
14;13;40;517;;
14;13;41;517;;
14;13;42;517;2;
14;13;43;518;1;
14;13;44;518;;
14;13;45;518;;
14;13;46;518;2;
14;13;47;519;1;
14;13;48;519;;
14;13;49;519;;
14;13;50;519;;
14;13;51;519;;
14;13;52;519;2;1
15;14;1;520;1;
15;14;2;520;;
15;14;3;520;;
15;14;4;520;;
15;14;5;520;;
15;14;6;520;2;
15;14;7;521;1;
15;14;8;521;;
15;14;9;521;;
15;14;10;521;;
15;14;11;521;;
15;14;12;521;;
15;14;13;521;;
15;14;14;521;;
15;14;15;521;2;
15;14;16;522;1;
15;14;17;522;;
15;14;18;522;;
15;14;19;522;;
15;14;20;522;;
15;14;21;522;;
15;14;22;522;2;
15;14;23;523;1;
15;14;24;523;;
15;14;25;523;;
15;14;26;523;;
15;14;27;523;;
15;14;28;523;;
15;14;29;523;;
15;14;30;523;;
15;14;31;523;2;
15;14;32;524;1;
15;14;33;524;;
15;14;34;524;;
15;14;35;524;;
15;14;36;524;;
15;14;37;524;;
15;14;38;524;;
15;14;39;524;;
15;14;40;524;;
15;14;41;524;2;
15;14;42;525;1;
15;14;43;525;;
15;14;44;525;;
15;14;45;525;;
15;14;46;525;;
15;14;47;525;;
15;14;48;525;;
15;14;49;525;;
15;14;50;525;;
15;14;51;525;2;
15;14;52;526;1;
15;14;53;526;;
15;14;54;526;;
15;14;55;526;;
15;14;56;526;;
15;14;57;526;;
15;14;58;526;;
15;14;59;526;;
15;14;60;526;2;
15;14;61;527;1;
15;14;62;527;;
15;14;63;527;;
15;14;64;527;;
15;14;65;527;;
15;14;66;527;;
15;14;67;527;;
15;14;68;527;;
15;14;69;527;;
15;14;70;527;2;
15;14;71;528;1;
15;14;72;528;;
15;14;73;528;;
15;14;74;528;;
15;14;75;528;;
15;14;76;528;;
15;14;77;528;;
15;14;78;528;;
15;14;79;528;;
15;14;80;528;;
15;14;81;528;;
15;14;82;528;2;
15;14;83;529;1;
15;14;84;529;;
15;14;85;529;;
15;14;86;529;;
15;14;87;529;;
15;14;88;529;;
15;14;89;529;;
15;14;90;529;2;
15;14;91;530;1;
15;14;92;530;;
15;14;93;530;;
15;14;94;530;;
15;14;95;530;;
15;14;96;530;;
15;14;97;530;;
15;14;98;530;;
15;14;99;530;2;
16;14;1;531;1;
16;14;2;531;;
16;14;3;531;;
16;14;4;531;;
16;14;5;531;;
16;14;6;531;2;
16;14;7;532;1;
16;14;8;532;;
16;14;9;532;;
16;14;10;532;2;
16;14;11;533;1;
16;14;12;533;;
16;14;13;533;;
16;14;14;533;2;
16;14;15;534;1;
16;14;16;534;;
16;14;17;534;;
16;14;18;534;;
16;14;19;534;;
16;14;20;534;;
16;14;21;534;2;
16;14;22;535;1;
16;14;23;535;;
16;14;24;535;;
16;14;25;535;;
16;14;26;535;2;
16;14;27;536;1;
16;14;28;536;;
16;14;29;536;;
16;14;30;536;2;
16;14;31;537;1;
16;14;32;537;;
16;14;33;537;;
16;14;34;537;2;
16;14;35;538;1;
16;14;36;538;;
16;14;37;538;2;
16;14;38;539;1;
16;14;39;539;;
16;14;40;539;;
16;14;41;539;;
16;14;42;539;2;
16;14;43;540;1;
16;14;44;540;;
16;14;45;540;;
16;14;46;540;;
16;14;47;540;;
16;14;48;540;2;
16;14;49;541;1;
16;14;50;541;;
16;14;51;541;;
16;14;52;541;;
16;14;53;541;;
16;14;54;541;2;
16;14;55;542;1;
16;14;56;542;;
16;14;57;542;;
16;14;58;542;;
16;14;59;542;;
16;14;60;542;2;
16;14;61;543;1;
16;14;62;543;;
16;14;63;543;;
16;14;64;543;2;
16;14;65;544;1;
16;14;66;544;;
16;14;67;544;;
16;14;68;544;;
16;14;69;544;2;
16;14;70;545;1;
16;14;71;545;;
16;14;72;545;2;
16;14;73;546;1;
16;14;74;546;;
16;14;75;546;;
16;14;76;546;2;
16;14;77;547;1;
16;14;78;547;;
16;14;79;547;2;
16;14;80;548;1;
16;14;81;548;;
16;14;82;548;2;
16;14;83;549;1;
16;14;84;549;;
16;14;85;549;;
16;14;86;549;;
16;14;87;549;2;
16;14;88;550;1;
16;14;89;550;;
16;14;90;550;2;
16;14;91;551;1;
16;14;92;551;;
16;14;93;551;2;
16;14;94;552;1;
16;14;95;552;;
16;14;96;552;;
16;14;97;552;2;
16;14;98;553;1;
16;14;99;553;;
16;14;100;553;;
16;14;101;553;;
16;14;102;553;2;
16;14;103;554;1;
16;14;104;554;;
16;14;105;554;;
16;14;106;554;2;
16;14;107;555;1;
16;14;108;555;;
16;14;109;555;;
16;14;110;555;2;
16;14;111;556;1;
16;14;112;556;;
16;14;113;556;;
16;14;114;556;2;
16;14;115;557;1;
16;14;116;557;;
16;14;117;557;;
16;14;118;557;2;
16;14;119;558;1;
16;14;120;558;;
16;14;121;558;;
16;14;122;558;;
16;14;123;558;2;
16;14;124;559;1;
16;14;125;559;;
16;14;126;559;;
16;14;127;559;;
16;14;128;559;2;1
17;15;1;560;1;
17;15;2;560;;
17;15;3;560;;
17;15;4;560;2;
17;15;5;561;1;
17;15;6;561;;
17;15;7;561;2;
17;15;8;562;1;
17;15;9;562;;
17;15;10;562;;
17;15;11;562;;
17;15;12;562;2;
17;15;13;563;1;
17;15;14;563;;
17;15;15;563;;
17;15;16;563;;
17;15;17;563;2;
17;15;18;564;1;
17;15;19;564;;
17;15;20;564;;
17;15;21;564;;
17;15;22;564;2;
17;15;23;565;1;
17;15;24;565;;
17;15;25;565;;
17;15;26;565;;
17;15;27;565;2;
17;15;28;566;1;
17;15;29;566;;
17;15;30;566;;
17;15;31;566;;
17;15;32;566;;
17;15;33;566;2;
17;15;34;567;1;
17;15;35;567;;
17;15;36;567;;
17;15;37;567;;
17;15;38;567;2;
17;15;39;568;1;
17;15;40;568;;
17;15;41;568;;
17;15;42;568;;
17;15;43;568;;
17;15;44;568;2;
17;15;45;569;1;
17;15;46;569;;
17;15;47;569;;
17;15;48;569;;
17;15;49;569;2;
17;15;50;570;1;
17;15;51;570;;
17;15;52;570;;
17;15;53;570;;
17;15;54;570;2;
17;15;55;571;1;
17;15;56;571;;
17;15;57;571;;
17;15;58;571;2;
17;15;59;572;1;
17;15;60;572;;
17;15;61;572;2;
17;15;62;573;1;
17;15;63;573;;
17;15;64;573;;
17;15;65;573;;
17;15;66;573;2;
17;15;67;574;1;
17;15;68;574;;
17;15;69;574;;
17;15;70;574;2;
17;15;71;575;1;
17;15;72;575;;
17;15;73;575;;
17;15;74;575;;
17;15;75;575;2;
17;15;76;576;1;
17;15;77;576;;
17;15;78;576;;
17;15;79;576;;
17;15;80;576;2;
17;15;81;577;1;
17;15;82;577;;
17;15;83;577;;
17;15;84;577;;
17;15;85;577;;
17;15;86;577;2;
17;15;87;578;1;
17;15;88;578;;
17;15;89;578;;
17;15;90;578;;
17;15;91;578;;
17;15;92;578;2;
17;15;93;579;1;
17;15;94;579;;
17;15;95;579;;
17;15;96;579;2;
17;15;97;580;1;
17;15;98;580;;
17;15;99;580;2;
17;15;100;581;1;
17;15;101;581;;
17;15;102;581;;
17;15;103;581;;
17;15;104;581;2;
17;15;105;582;1;
17;15;106;582;;
17;15;107;582;;
17;15;108;582;;
17;15;109;582;;
17;15;110;582;;
17;15;111;582;2;
18;15;1;583;1;
18;15;2;583;;
18;15;3;583;;
18;15;4;583;;
18;15;5;583;;
18;15;6;583;;
18;15;7;583;;
18;15;8;583;;
18;15;9;583;;
18;15;10;583;2;
18;15;11;584;1;
18;15;12;584;;
18;15;13;584;;
18;15;14;584;;
18;15;15;584;2;
18;15;16;585;1;
18;15;17;585;2;
18;15;18;586;1;
18;15;19;586;;
18;15;20;586;2;
18;15;21;587;1;
18;15;22;587;2;
18;15;23;588;1;
18;15;24;588;;
18;15;25;588;;
18;15;26;588;;
18;15;27;588;2;
18;15;28;589;1;
18;15;29;589;2;
18;15;30;590;1;
18;15;31;590;;
18;15;32;590;;
18;15;33;590;;
18;15;34;590;2;
18;15;35;591;1;
18;15;36;591;;
18;15;37;591;;
18;15;38;591;;
18;15;39;591;;
18;15;40;591;2;
18;15;41;592;1;
18;15;42;592;;
18;15;43;592;;
18;15;44;592;;
18;15;45;592;2;
18;15;46;593;1;
18;15;47;593;;
18;15;48;593;;
18;15;49;593;2;
18;15;50;594;1;
18;15;51;594;;
18;15;52;594;;
18;15;53;594;2;
18;15;54;595;1;
18;15;55;595;;
18;15;56;595;2;
18;15;57;596;1;
18;15;58;596;;
18;15;59;596;;
18;15;60;596;;
18;15;61;596;2;
18;15;62;597;1;
18;15;63;597;;
18;15;64;597;;
18;15;65;597;;
18;15;66;597;;
18;15;67;597;;
18;15;68;597;2;
18;15;69;598;1;
18;15;70;598;;
18;15;71;598;;
18;15;72;598;;
18;15;73;598;;
18;15;74;598;2;
18;16;75;599;1;
18;16;76;599;;
18;16;77;599;;
18;16;78;599;;
18;16;79;599;2;
18;16;80;600;1;
18;16;81;600;;
18;16;82;600;;
18;16;83;600;2;
18;16;84;601;1;
18;16;85;601;;
18;16;86;601;;
18;16;87;601;;
18;16;88;601;;
18;16;89;601;;
18;16;90;601;;
18;16;91;601;2;
18;16;92;602;1;
18;16;93;602;;
18;16;94;602;;
18;16;95;602;;
18;16;96;602;;
18;16;97;602;2;
18;16;98;603;1;
18;16;99;603;;
18;16;100;603;;
18;16;101;603;;
18;16;102;603;;
18;16;103;603;;
18;16;104;603;2;
18;16;105;604;1;
18;16;106;604;;
18;16;107;604;;
18;16;108;604;;
18;16;109;604;;
18;16;110;604;2;1
19;16;1;605;1;
19;16;2;605;;
19;16;3;605;;
19;16;4;605;;
19;16;5;605;;
19;16;6;605;2;
19;16;7;606;1;
19;16;8;606;;
19;16;9;606;;
19;16;10;606;;
19;16;11;606;2;
19;16;12;607;1;
19;16;13;607;;
19;16;14;607;;
19;16;15;607;;
19;16;16;607;;
19;16;17;607;;
19;16;18;607;;
19;16;19;607;2;
19;16;20;608;1;
19;16;21;608;;
19;16;22;608;;
19;16;23;608;;
19;16;24;608;;
19;16;25;608;2;
19;16;26;609;1;
19;16;27;609;;
19;16;28;609;;
19;16;29;609;;
19;16;30;609;;
19;16;31;609;2;
19;16;32;610;1;
19;16;33;610;;
19;16;34;610;;
19;16;35;610;;
19;16;36;610;;
19;16;37;610;;
19;16;38;610;2;
19;16;39;611;1;
19;16;40;611;;
19;16;41;611;;
19;16;42;611;;
19;16;43;611;;
19;16;44;611;;
19;16;45;611;2;
19;16;46;612;1;
19;16;47;612;;
19;16;48;612;;
19;16;49;612;;
19;16;50;612;;
19;16;51;612;2;
19;16;52;613;1;
19;16;53;613;;
19;16;54;613;;
19;16;55;613;;
19;16;56;613;;
19;16;57;613;;
19;16;58;613;2;
19;16;59;614;1;
19;16;60;614;;
19;16;61;614;;
19;16;62;614;;
19;16;63;614;;
19;16;64;614;2;
19;16;65;615;1;
19;16;66;615;;
19;16;67;615;;
19;16;68;615;;
19;16;69;615;;
19;16;70;615;;
19;16;71;615;2;
19;16;72;616;1;
19;16;73;616;;
19;16;74;616;;
19;16;75;616;;
19;16;76;616;2;
19;16;77;617;1;
19;16;78;617;;
19;16;79;617;;
19;16;80;617;;
19;16;81;617;;
19;16;82;617;;
19;16;83;617;2;
19;16;84;618;1;
19;16;85;618;;
19;16;86;618;;
19;16;87;618;;
19;16;88;618;;
19;16;89;618;2;
19;16;90;619;1;
19;16;91;619;;
19;16;92;619;;
19;16;93;619;;
19;16;94;619;;
19;16;95;619;;
19;16;96;619;;
19;16;97;619;;
19;16;98;619;2;
20;16;1;620;1;
20;16;2;620;;
20;16;3;620;;
20;16;4;620;;
20;16;5;620;;
20;16;6;620;;
20;16;7;620;;
20;16;8;620;;
20;16;9;620;;
20;16;10;620;;
20;16;11;620;;
20;16;12;620;2;
20;16;13;621;1;
20;16;14;621;;
20;16;15;621;;
20;16;16;621;;
20;16;17;621;;
20;16;18;621;;
20;16;19;621;;
20;16;20;621;;
20;16;21;621;2;
20;16;22;622;1;
20;16;23;622;;
20;16;24;622;;
20;16;25;622;;
20;16;26;622;;
20;16;27;622;;
20;16;28;622;;
20;16;29;622;;
20;16;30;622;;
20;16;31;622;;
20;16;32;622;;
20;16;33;622;;
20;16;34;622;;
20;16;35;622;;
20;16;36;622;;
20;16;37;622;2;
20;16;38;623;1;
20;16;39;623;;
20;16;40;623;;
20;16;41;623;;
20;16;42;623;2;
20;16;43;624;1;
20;16;44;624;;
20;16;45;624;;
20;16;46;624;;
20;16;47;624;;
20;16;48;624;;
20;16;49;624;;
20;16;50;624;;
20;16;51;624;2;
20;16;52;625;1;
20;16;53;625;;
20;16;54;625;;
20;16;55;625;;
20;16;56;625;;
20;16;57;625;;
20;16;58;625;2;
20;16;59;626;1;
20;16;60;626;;
20;16;61;626;;
20;16;62;626;;
20;16;63;626;;
20;16;64;626;2;
20;16;65;627;1;
20;16;66;627;;
20;16;67;627;;
20;16;68;627;;
20;16;69;627;;
20;16;70;627;;
20;16;71;627;2;
20;16;72;628;1;
20;16;73;628;;
20;16;74;628;;
20;16;75;628;;
20;16;76;628;2;
20;16;77;629;1;
20;16;78;629;;
20;16;79;629;;
20;16;80;629;;
20;16;81;629;;
20;16;82;629;2;
20;16;83;630;1;
20;16;84;630;;
20;16;85;630;;
20;16;86;630;;
20;16;87;630;2;
20;16;88;631;1;
20;16;89;631;;
20;16;90;631;;
20;16;91;631;;
20;16;92;631;;
20;16;93;631;2;
20;16;94;632;1;
20;16;95;632;;
20;16;96;632;;
20;16;97;632;;
20;16;98;632;2;
20;16;99;633;1;
20;16;100;633;;
20;16;101;633;;
20;16;102;633;;
20;16;103;633;;
20;16;104;633;;
20;16;105;633;;
20;16;106;633;;
20;16;107;633;2;
20;16;108;634;1;
20;16;109;634;;
20;16;110;634;;
20;16;111;634;;
20;16;112;634;;
20;16;113;634;2;
20;16;114;635;1;
20;16;115;635;;
20;16;116;635;;
20;16;117;635;;
20;16;118;635;;
20;16;119;635;2;
20;16;120;636;1;
20;16;121;636;;
20;16;122;636;;
20;16;123;636;;
20;16;124;636;;
20;16;125;636;2;
20;16;126;637;1;
20;16;127;637;;
20;16;128;637;;
20;16;129;637;;
20;16;130;637;2;
20;16;131;638;1;
20;16;132;638;;
20;16;133;638;;
20;16;134;638;;
20;16;135;638;2;1
21;17;1;639;1;
21;17;2;639;;
21;17;3;639;;
21;17;4;639;2;
21;17;5;640;1;
21;17;6;640;;
21;17;7;640;;
21;17;8;640;;
21;17;9;640;;
21;17;10;640;2;
21;17;11;641;1;
21;17;12;641;;
21;17;13;641;;
21;17;14;641;;
21;17;15;641;;
21;17;16;641;;
21;17;17;641;2;
21;17;18;642;1;
21;17;19;642;;
21;17;20;642;;
21;17;21;642;;
21;17;22;642;;
21;17;23;642;;
21;17;24;642;2;
21;17;25;643;1;
21;17;26;643;;
21;17;27;643;;
21;17;28;643;;
21;17;29;643;2;
21;17;30;644;1;
21;17;31;644;;
21;17;32;644;;
21;17;33;644;;
21;17;34;644;;
21;17;35;644;2;
21;17;36;645;1;
21;17;37;645;;
21;17;38;645;;
21;17;39;645;;
21;17;40;645;2;
21;17;41;646;1;
21;17;42;646;;
21;17;43;646;;
21;17;44;646;2;
21;17;45;647;1;
21;17;46;647;;
21;17;47;647;;
21;17;48;647;;
21;17;49;647;2;
21;17;50;648;1;
21;17;51;648;;
21;17;52;648;;
21;17;53;648;;
21;17;54;648;;
21;17;55;648;;
21;17;56;648;;
21;17;57;648;2;
21;17;58;649;1;
21;17;59;649;;
21;17;60;649;;
21;17;61;649;;
21;17;62;649;;
21;17;63;649;;
21;17;64;649;;
21;17;65;649;2;
21;17;66;650;1;
21;17;67;650;;
21;17;68;650;;
21;17;69;650;;
21;17;70;650;;
21;17;71;650;;
21;17;72;650;2;
21;17;73;651;1;
21;17;74;651;;
21;17;75;651;;
21;17;76;651;;
21;17;77;651;2;
21;17;78;652;1;
21;17;79;652;;
21;17;80;652;;
21;17;81;652;2;
21;17;82;653;1;
21;17;83;653;;
21;17;84;653;;
21;17;85;653;;
21;17;86;653;2;
21;17;87;654;1;
21;17;88;654;;
21;17;89;654;;
21;17;90;654;2;
21;17;91;655;1;
21;17;92;655;;
21;17;93;655;;
21;17;94;655;;
21;17;95;655;;
21;17;96;655;2;
21;17;97;656;1;
21;17;98;656;;
21;17;99;656;;
21;17;100;656;;
21;17;101;656;2;
21;17;102;657;1;
21;17;103;657;;
21;17;104;657;;
21;17;105;657;2;
21;17;106;658;1;
21;17;107;658;;
21;17;108;658;;
21;17;109;658;;
21;17;110;658;;
21;17;111;658;;
21;17;112;658;2;
22;17;1;659;1;
22;17;2;659;;
22;17;3;659;;
22;17;4;659;2;
22;17;5;660;1;
22;17;5;660;2;
22;17;6;661;1;
22;17;7;661;;
22;17;8;661;;
22;17;9;661;;
22;17;10;661;;
22;17;11;661;2;
22;17;12;662;1;
22;17;13;662;;
22;17;14;662;;
22;17;15;662;2;
22;17;16;663;1;
22;17;17;663;;
22;17;18;663;2;
22;17;19;664;1;
22;17;20;664;;
22;17;21;664;;
22;17;22;664;;
22;17;23;664;2;
22;17;24;665;1;
22;17;25;665;;
22;17;26;665;;
22;17;27;665;2;
22;17;28;666;1;
22;17;29;666;;
22;17;30;666;2;
22;17;31;667;1;
22;17;32;667;;
22;17;33;667;;
22;17;34;667;2;
22;17;35;668;1;
22;17;36;668;;
22;17;37;668;;
22;17;38;668;2;
22;17;39;669;1;
22;17;40;669;;
22;17;41;669;2;
22;17;42;670;1;
22;17;43;670;;
22;17;44;670;;
22;17;45;670;;
22;17;46;670;2;
22;17;47;671;1;
22;17;48;671;;
22;17;49;671;;
22;17;50;671;;
22;17;51;671;2;
22;17;52;672;1;
22;17;53;672;;
22;17;54;672;;
22;17;55;672;2;
22;17;56;673;1;
22;17;57;673;;
22;17;58;673;;
22;17;59;673;2;
22;17;60;674;1;
22;17;61;674;;
22;17;62;674;;
22;17;63;674;;
22;17;64;674;2;
22;17;65;675;1;
22;17;66;675;;
22;17;67;675;;
22;17;68;675;;
22;17;69;675;2;
22;17;70;676;1;
22;17;71;676;;
22;17;72;676;2;
22;17;73;677;1;
22;17;74;677;;
22;17;75;677;;
22;17;76;677;2;
22;17;77;678;1;
22;17;78;678;2;1
23;18;1;679;1;
23;18;2;679;;
23;18;3;679;;
23;18;4;679;;
23;18;5;679;;
23;18;6;679;;
23;18;7;679;;
23;18;8;679;;
23;18;9;679;;
23;18;10;679;2;
23;18;11;680;1;
23;18;12;680;;
23;18;13;680;;
23;18;14;680;;
23;18;15;680;;
23;18;16;680;;
23;18;17;680;2;
23;18;18;681;1;
23;18;19;681;;
23;18;20;681;;
23;18;21;681;;
23;18;22;681;2;
23;18;23;682;1;
23;18;24;682;;
23;18;25;682;;
23;18;26;682;;
23;18;27;682;2;
23;18;28;683;1;
23;18;29;683;;
23;18;30;683;;
23;18;31;683;;
23;18;32;683;;
23;18;33;683;2;
23;18;34;684;1;
23;18;35;684;;
23;18;36;684;;
23;18;37;684;;
23;18;38;684;;
23;18;39;684;;
23;18;40;684;;
23;18;41;684;;
23;18;42;684;2;
23;18;43;685;1;
23;18;44;685;;
23;18;45;685;;
23;18;46;685;;
23;18;47;685;;
23;18;48;685;;
23;18;49;685;2;
23;18;50;686;1;
23;18;51;686;;
23;18;52;686;;
23;18;53;686;;
23;18;54;686;;
23;18;55;686;;
23;18;56;686;;
23;18;57;686;;
23;18;58;686;;
23;18;59;686;2;
23;18;60;687;1;
23;18;61;687;;
23;18;62;687;;
23;18;63;687;;
23;18;64;687;;
23;18;65;687;;
23;18;66;687;;
23;18;67;687;2;
23;18;68;688;1;
23;18;69;688;;
23;18;70;688;;
23;18;71;688;;
23;18;72;688;;
23;18;73;688;;
23;18;74;688;2;
23;18;75;689;1;
23;18;76;689;;
23;18;77;689;;
23;18;78;689;;
23;18;79;689;;
23;18;80;689;;
23;18;81;689;;
23;18;82;689;2;
23;18;83;690;1;
23;18;84;690;;
23;18;85;690;;
23;18;86;690;;
23;18;87;690;;
23;18;88;690;;
23;18;89;690;2;
23;18;90;691;1;
23;18;91;691;;
23;18;92;691;;
23;18;93;691;;
23;18;94;691;;
23;18;95;691;;
23;18;96;691;2;
23;18;97;692;1;
23;18;98;692;;
23;18;99;692;;
23;18;100;692;;
23;18;101;692;;
23;18;102;692;;
23;18;103;692;;
23;18;104;692;2;
23;18;105;693;1;
23;18;106;693;;
23;18;107;693;;
23;18;108;693;;
23;18;109;693;;
23;18;110;693;;
23;18;111;693;2;
23;18;112;694;1;
23;18;113;694;;
23;18;114;694;;
23;18;115;694;;
23;18;116;694;;
23;18;117;694;;
23;18;118;694;2;
24;18;1;695;1;
24;18;2;695;;
24;18;3;695;;
24;18;4;695;2;
24;18;5;696;1;
24;18;6;696;;
24;18;7;696;;
24;18;8;696;;
24;18;9;696;;
24;18;10;696;2;
24;18;11;697;1;
24;18;12;697;;
24;18;13;697;;
24;18;14;697;2;
24;18;15;698;1;
24;18;16;698;;
24;18;17;698;;
24;18;18;698;;
24;18;19;698;;
24;18;20;698;2;
24;18;21;699;1;
24;18;22;699;2;
24;18;23;700;1;
24;18;24;700;;
24;18;25;700;;
24;18;26;700;;
24;18;27;700;2;
24;18;28;701;1;
24;18;29;701;;
24;18;30;701;2;
24;18;31;702;1;
24;18;31;702;2;
24;18;32;703;1;
24;18;33;703;2;
24;18;34;704;1;
24;18;35;704;;
24;18;36;704;2;
24;18;37;705;1;
24;18;38;705;;
24;18;39;705;;
24;18;40;705;2;
24;18;41;706;1;
24;18;42;706;;
24;18;43;706;2;
24;18;44;707;1;
24;18;45;707;;
24;18;46;707;;
24;18;47;707;;
24;18;48;707;;
24;18;49;707;2;
24;18;50;708;1;
24;18;51;708;;
24;18;52;708;;
24;18;53;708;2;
24;18;54;709;1;
24;18;55;709;;
24;18;56;709;2;
24;18;57;710;1;
24;18;58;710;2;
24;18;59;711;1;
24;18;60;711;2;
24;18;61;712;1;
24;18;61;712;2;
24;18;62;713;1;
24;18;63;713;;
24;18;64;713;2;1
25;18;1;714;1;
25;18;2;714;;
25;18;3;714;;
25;18;4;714;;
25;18;5;714;;
25;18;6;714;2;
25;18;7;715;1;
25;18;8;715;;
25;18;9;715;;
25;18;10;715;;
25;18;11;715;2;
25;18;12;716;1;
25;18;13;716;;
25;18;14;716;;
25;18;15;716;;
25;18;16;716;;
25;18;17;716;2;
25;18;18;717;1;
25;18;19;717;;
25;18;20;717;2;
25;19;21;718;1;
25;19;22;718;;
25;19;23;718;;
25;19;24;718;;
25;19;25;718;;
25;19;26;718;2;
25;19;27;719;1;
25;19;28;719;;
25;19;29;719;;
25;19;30;719;;
25;19;31;719;;
25;19;32;719;2;
25;19;33;720;1;
25;19;34;720;;
25;19;35;720;;
25;19;36;720;;
25;19;37;720;;
25;19;38;720;2;
25;19;39;721;1;
25;19;40;721;;
25;19;41;721;;
25;19;42;721;;
25;19;43;721;2;
25;19;44;722;1;
25;19;45;722;;
25;19;46;722;;
25;19;47;722;;
25;19;48;722;;
25;19;49;722;2;
25;19;50;723;1;
25;19;51;723;;
25;19;52;723;;
25;19;53;723;;
25;19;54;723;;
25;19;55;723;2;
25;19;56;724;1;
25;19;57;724;;
25;19;58;724;;
25;19;59;724;;
25;19;60;724;2;
25;19;61;725;1;
25;19;62;725;;
25;19;63;725;;
25;19;64;725;;
25;19;65;725;;
25;19;66;725;;
25;19;67;725;2;
25;19;68;726;1;
25;19;69;726;;
25;19;70;726;;
25;19;71;726;2;
25;19;72;727;1;
25;19;73;727;;
25;19;74;727;;
25;19;75;727;;
25;19;76;727;;
25;19;77;727;2;
26;19;1;728;1;
26;19;2;728;;
26;19;3;728;;
26;19;4;728;;
26;19;5;728;;
26;19;6;728;;
26;19;7;728;;
26;19;8;728;;
26;19;9;728;2;
26;19;10;729;1;
26;19;11;729;;
26;19;12;729;;
26;19;13;729;;
26;19;14;729;;
26;19;15;729;;
26;19;16;729;;
26;19;17;729;;
26;19;18;729;;
26;19;19;729;2;
26;19;20;730;1;
26;19;21;730;;
26;19;22;730;;
26;19;23;730;;
26;19;24;730;;
26;19;25;730;;
26;19;26;730;;
26;19;27;730;;
26;19;28;730;2;
26;19;29;731;1;
26;19;30;731;;
26;19;31;731;;
26;19;32;731;;
26;19;33;731;;
26;19;34;731;;
26;19;35;731;;
26;19;36;731;;
26;19;37;731;;
26;19;38;731;;
26;19;39;731;2;
26;19;40;732;1;
26;19;41;732;;
26;19;42;732;;
26;19;43;732;;
26;19;44;732;;
26;19;45;732;;
26;19;46;732;;
26;19;47;732;;
26;19;48;732;2;
26;19;49;733;1;
26;19;50;733;;
26;19;51;733;;
26;19;52;733;;
26;19;53;733;;
26;19;54;733;;
26;19;55;733;;
26;19;56;733;;
26;19;57;733;;
26;19;58;733;;
26;19;59;733;;
26;19;60;733;2;
26;19;61;734;1;
26;19;62;734;;
26;19;63;734;;
26;19;64;734;;
26;19;65;734;;
26;19;66;734;;
26;19;67;734;;
26;19;68;734;;
26;19;69;734;2;
26;19;70;735;1;
26;19;71;735;;
26;19;72;735;;
26;19;73;735;;
26;19;74;735;;
26;19;75;735;;
26;19;76;735;;
26;19;77;735;;
26;19;78;735;;
26;19;79;735;;
26;19;80;735;;
26;19;81;735;;
26;19;82;735;;
26;19;83;735;2;
26;19;84;736;1;
26;19;85;736;;
26;19;86;736;;
26;19;87;736;;
26;19;88;736;;
26;19;89;736;;
26;19;90;736;;
26;19;91;736;;
26;19;92;736;;
26;19;93;736;;
26;19;94;736;;
26;19;95;736;;
26;19;96;736;2;
26;19;97;737;1;
26;19;98;737;;
26;19;99;737;;
26;19;100;737;;
26;19;101;737;;
26;19;102;737;;
26;19;103;737;;
26;19;104;737;;
26;19;105;737;;
26;19;106;737;;
26;19;107;737;;
26;19;108;737;;
26;19;109;737;;
26;19;110;737;;
26;19;111;737;2;
26;19;112;738;1;
26;19;113;738;;
26;19;114;738;;
26;19;115;738;;
26;19;116;738;;
26;19;117;738;;
26;19;118;738;;
26;19;119;738;;
26;19;120;738;;
26;19;121;738;;
26;19;122;738;2;
26;19;123;739;1;
26;19;124;739;;
26;19;125;739;;
26;19;126;739;;
26;19;127;739;;
26;19;128;739;;
26;19;129;739;;
26;19;130;739;;
26;19;131;739;;
26;19;132;739;;
26;19;133;739;;
26;19;134;739;;
26;19;135;739;;
26;19;136;739;2;
26;19;137;740;1;
26;19;138;740;;
26;19;139;740;;
26;19;140;740;;
26;19;141;740;;
26;19;142;740;;
26;19;143;740;;
26;19;144;740;;
26;19;145;740;;
26;19;146;740;;
26;19;147;740;;
26;19;148;740;;
26;19;149;740;;
26;19;150;740;2;
26;19;151;741;1;
26;19;152;741;;
26;19;153;741;;
26;19;154;741;;
26;19;155;741;;
26;19;156;741;;
26;19;157;741;;
26;19;158;741;;
26;19;159;741;2;
26;19;160;742;1;
26;19;161;742;;
26;19;162;742;;
26;19;163;742;;
26;19;164;742;;
26;19;165;742;;
26;19;166;742;;
26;19;167;742;;
26;19;168;742;;
26;19;169;742;;
26;19;170;742;;
26;19;171;742;2;
26;19;172;743;1;
26;19;173;743;;
26;19;174;743;;
26;19;175;743;;
26;19;176;743;;
26;19;177;743;;
26;19;178;743;;
26;19;179;743;;
26;19;180;743;;
26;19;181;743;;
26;19;182;743;;
26;19;183;743;2;
26;19;184;744;1;
26;19;185;744;;
26;19;186;744;;
26;19;187;744;;
26;19;188;744;;
26;19;189;744;;
26;19;190;744;;
26;19;191;744;2;
26;19;192;745;1;
26;19;193;745;;
26;19;194;745;;
26;19;195;745;;
26;19;196;745;;
26;19;197;745;;
26;19;198;745;;
26;19;199;745;;
26;19;200;745;;
26;19;201;745;;
26;19;202;745;;
26;19;203;745;;
26;19;204;745;;
26;19;205;745;;
26;19;206;745;2;
26;19;207;746;1;
26;19;208;746;;
26;19;209;746;;
26;19;210;746;;
26;19;211;746;;
26;19;212;746;;
26;19;213;746;;
26;19;214;746;;
26;19;215;746;;
26;19;216;746;2;
26;19;217;747;1;
26;19;218;747;;
26;19;219;747;;
26;19;220;747;;
26;19;221;747;;
26;19;222;747;;
26;19;223;747;;
26;19;224;747;;
26;19;225;747;;
26;19;226;747;;
26;19;227;747;2;1
27;19;1;748;1;
27;19;2;748;;
27;19;3;748;;
27;19;4;748;;
27;19;5;748;;
27;19;6;748;;
27;19;7;748;2;
27;19;8;749;1;
27;19;9;749;;
27;19;10;749;;
27;19;11;749;;
27;19;12;749;;
27;19;13;749;2;
27;19;14;750;1;
27;19;15;750;;
27;19;16;750;;
27;19;17;750;2;
27;19;18;751;1;
27;19;19;751;;
27;19;20;751;;
27;19;21;751;;
27;19;22;751;2;
27;19;23;752;1;
27;19;24;752;;
27;19;25;752;;
27;19;26;752;;
27;19;27;752;;
27;19;28;752;2;
27;19;29;753;1;
27;19;30;753;;
27;19;31;753;;
27;19;32;753;;
27;19;33;753;;
27;19;34;753;;
27;19;35;753;2;
27;19;36;754;1;
27;19;37;754;;
27;19;38;754;;
27;19;39;754;;
27;19;40;754;2;
27;19;41;755;1;
27;19;42;755;;
27;19;43;755;;
27;19;44;755;2;
27;19;45;756;1;
27;19;46;756;;
27;19;47;756;;
27;19;48;756;;
27;19;49;756;2;
27;19;50;757;1;
27;19;51;757;;
27;19;52;757;;
27;19;53;757;;
27;19;54;757;;
27;19;55;757;2;
27;20;56;758;1;
27;20;57;758;;
27;20;58;758;;
27;20;59;758;;
27;20;60;758;2;
27;20;61;759;1;
27;20;62;759;;
27;20;63;759;2;
27;20;64;760;1;
27;20;65;760;;
27;20;66;760;;
27;20;67;760;;
27;20;68;760;2;
27;20;69;761;1;
27;20;70;761;;
27;20;71;761;;
27;20;72;761;;
27;20;73;761;;
27;20;74;761;;
27;20;75;761;;
27;20;76;761;2;
27;20;77;762;1;
27;20;78;762;;
27;20;79;762;;
27;20;80;762;;
27;20;81;762;;
27;20;82;762;2;
27;20;83;763;1;
27;20;84;763;;
27;20;85;763;;
27;20;86;763;;
27;20;87;763;;
27;20;88;763;2;
27;20;89;764;1;
27;20;90;764;;
27;20;91;764;;
27;20;92;764;;
27;20;93;764;2;
28;20;1;765;1;
28;20;2;765;;
28;20;3;765;;
28;20;4;765;;
28;20;5;765;2;
28;20;6;766;1;
28;20;7;766;;
28;20;8;766;;
28;20;9;766;2;
28;20;10;767;1;
28;20;11;767;;
28;20;12;767;;
28;20;13;767;2;
28;20;14;768;1;
28;20;15;768;;
28;20;16;768;;
28;20;17;768;2;
28;20;18;769;1;
28;20;19;769;;
28;20;20;769;;
28;20;21;769;2;
28;20;22;770;1;
28;20;23;770;;
28;20;24;770;2;
28;20;25;771;1;
28;20;26;771;;
28;20;27;771;;
28;20;28;771;2;
28;20;29;772;1;
28;20;30;772;;
28;20;31;772;2;
28;20;32;773;1;
28;20;33;773;;
28;20;34;773;;
28;20;35;773;2;
28;20;36;774;1;
28;20;37;774;;
28;20;38;774;2;
28;20;39;775;1;
28;20;40;775;;
28;20;41;775;;
28;20;42;775;;
28;20;43;775;2;
28;20;44;776;1;
28;20;45;776;;
28;20;46;776;;
28;20;47;776;2;
28;20;48;777;1;
28;20;49;777;;
28;20;50;777;2;
28;20;51;778;1;
28;20;52;778;;
28;20;53;778;;
28;20;54;778;;
28;20;55;778;;
28;20;56;778;2;
28;20;57;779;1;
28;20;58;779;;
28;20;59;779;2;
28;20;60;780;1;
28;20;61;780;;
28;20;62;780;;
28;20;63;780;2;
28;20;64;781;1;
28;20;65;781;;
28;20;66;781;;
28;20;67;781;;
28;20;68;781;;
28;20;69;781;;
28;20;70;781;2;
28;20;71;782;1;
28;20;72;782;;
28;20;73;782;;
28;20;74;782;2;
28;20;75;782;1;
28;20;76;782;;
28;20;77;782;2;
28;20;78;783;1;
28;20;79;783;;
28;20;80;783;2;
28;20;81;784;1;
28;20;82;784;;
28;20;83;784;;
28;20;84;784;2;
28;20;85;785;1;
28;20;86;785;;
28;20;87;785;;
28;20;88;785;2;1
29;20;1;786;1;
29;20;2;786;;
29;20;3;786;;
29;20;4;786;;
29;20;5;786;;
29;20;6;786;2;
29;20;7;787;1;
29;20;8;787;;
29;20;9;787;;
29;20;10;787;2;
29;20;11;788;1;
29;20;12;788;;
29;20;13;788;;
29;20;14;788;2;
29;20;15;789;1;
29;20;16;789;;
29;20;17;789;;
29;20;18;789;2;
29;20;19;790;1;
29;20;20;790;;
29;20;21;790;;
29;20;22;790;;
29;20;23;790;2;
29;20;24;791;1;
29;20;25;791;;
29;20;26;791;2;
29;20;27;792;1;
29;20;28;792;;
29;20;29;792;;
29;20;30;792;2;
29;20;31;793;1;
29;20;32;793;;
29;20;33;793;;
29;20;34;793;2;
29;20;35;794;1;
29;20;36;794;;
29;20;37;794;;
29;20;38;794;2;
29;20;39;795;1;
29;20;40;795;;
29;20;41;795;2;
29;20;42;796;1;
29;20;43;796;;
29;20;44;796;;
29;20;45;796;2;
29;21;46;797;1;
29;21;47;797;;
29;21;48;797;2;
29;21;49;798;1;
29;21;50;798;;
29;21;51;798;;
29;21;52;798;2;
29;21;53;799;1;
29;21;54;799;;
29;21;55;799;;
29;21;56;799;;
29;21;57;799;;
29;21;58;799;2;
29;21;59;800;1;
29;21;60;800;;
29;21;61;800;;
29;21;62;800;;
29;21;63;800;2;
29;21;64;801;1;
29;21;65;801;;
29;21;66;801;;
29;21;67;801;;
29;21;68;801;;
29;21;69;801;2;
30;21;1;802;1;
30;21;2;802;;
30;21;3;802;;
30;21;4;802;;
30;21;5;802;;
30;21;6;802;;
30;21;7;802;2;
30;21;8;803;1;
30;21;9;803;2;
30;21;10;804;1;
30;21;11;804;;
30;21;12;804;;
30;21;13;804;;
30;21;14;804;;
30;21;15;804;2;
30;21;16;805;1;
30;21;17;805;;
30;21;18;805;;
30;21;19;805;;
30;21;20;805;2;
30;21;21;806;1;
30;21;22;806;;
30;21;23;806;;
30;21;24;806;2;
30;21;25;807;1;
30;21;26;807;;
30;21;27;807;;
30;21;28;807;2;
30;21;29;808;1;
30;21;30;808;;
30;21;31;808;;
30;21;32;808;2;
30;21;33;809;1;
30;21;34;809;;
30;21;35;809;;
30;21;36;809;;
30;21;37;809;2;
30;21;38;810;1;
30;21;39;810;;
30;21;40;810;;
30;21;41;810;2;
30;21;42;811;1;
30;21;43;811;;
30;21;44;811;;
30;21;45;811;;
30;21;46;811;2;
30;21;47;812;1;
30;21;48;812;;
30;21;49;812;;
30;21;50;812;2;
30;21;51;813;1;
30;21;52;813;;
30;21;53;813;;
30;21;54;813;;
30;21;55;813;2;
30;21;56;814;1;
30;21;57;814;;
30;21;58;814;;
30;21;59;814;;
30;21;60;814;2;1
31;21;1;815;1;
31;21;2;815;;
31;21;3;815;;
31;21;4;815;;
31;21;5;815;;
31;21;6;815;2;
31;21;7;816;1;
31;21;8;816;;
31;21;9;816;;
31;21;10;816;;
31;21;11;816;2;
31;21;12;817;1;
31;21;13;817;;
31;21;14;817;;
31;21;15;817;2;
31;21;16;818;1;
31;21;17;818;;
31;21;18;818;;
31;21;19;818;2;
31;21;20;819;1;
31;21;21;819;;
31;21;22;819;2;
31;21;23;820;1;
31;21;24;820;;
31;21;25;820;;
31;21;26;820;;
31;21;27;820;;
31;21;28;820;2;
31;21;29;821;1;
31;21;30;821;;
31;21;31;821;2;
31;21;32;822;1;
31;21;33;822;;
31;21;34;822;2;
32;21;1;823;1;
32;21;2;823;;
32;21;3;823;;
32;21;4;823;;
32;21;5;823;2;
32;21;6;824;1;
32;21;7;824;;
32;21;8;824;;
32;21;9;824;;
32;21;10;824;;
32;21;11;824;2;
32;21;12;825;1;
32;21;13;825;;
32;21;14;825;;
32;21;15;825;2;
32;21;16;826;1;
32;21;17;826;;
32;21;18;826;;
32;21;19;826;;
32;21;20;826;2;
32;21;21;827;1;
32;21;22;827;;
32;21;23;827;;
32;21;24;827;;
32;21;25;827;2;
32;21;26;828;1;
32;21;27;828;;
32;21;28;828;;
32;21;29;828;;
32;21;30;828;2;
33;21;1;829;1;
33;21;2;829;;
33;21;3;829;;
33;21;4;829;2;
33;21;5;830;1;
33;21;6;830;2;
33;21;7;831;1;
33;21;8;831;;
33;21;9;831;;
33;21;10;831;2;
33;21;11;832;1;
33;21;12;832;;
33;21;13;832;;
33;21;14;832;;
33;21;15;832;2;
33;21;16;833;1;
33;21;17;833;;
33;21;18;833;;
33;21;19;833;2;
33;21;20;834;1;
33;21;21;834;;
33;21;22;834;2;
33;21;23;835;1;
33;21;24;835;;
33;21;25;835;;
33;21;26;835;2;
33;21;27;836;1;
33;21;28;836;;
33;21;29;836;;
33;21;30;836;2;
33;22;31;837;1;
33;22;32;837;;
33;22;33;837;2;
33;22;34;838;1;
33;22;35;838;2;
33;22;36;839;1;
33;22;37;839;2;
33;22;38;840;1;
33;22;39;840;;
33;22;40;840;;
33;22;41;840;;
33;22;42;840;;
33;22;43;840;2;
33;22;44;841;1;
33;22;45;841;;
33;22;46;841;;
33;22;47;841;;
33;22;48;841;;
33;22;49;841;2;
33;22;50;842;1;
33;22;50;842;2;
33;22;51;843;1;
33;22;52;843;2;
33;22;53;844;1;
33;22;54;844;2;
33;22;55;845;1;
33;22;56;845;;
33;22;57;845;;
33;22;58;845;2;
33;22;59;846;1;
33;22;60;846;;
33;22;61;846;;
33;22;62;846;2;
33;22;63;847;1;
33;22;64;847;;
33;22;65;847;;
33;22;66;847;;
33;22;67;847;;
33;22;68;847;;
33;22;69;847;2;
33;22;70;848;1;
33;22;71;848;;
33;22;72;848;;
33;22;73;848;2;1
34;22;1;849;1;
34;22;2;849;;
34;22;3;849;2;
34;22;4;850;1;
34;22;5;850;;
34;22;6;850;;
34;22;7;850;2;
34;22;8;851;1;
34;22;9;851;;
34;22;10;851;;
34;22;11;851;2;
34;22;12;852;1;
34;22;13;852;;
34;22;14;852;2;
34;22;15;853;1;
34;22;16;853;;
34;22;17;853;;
34;22;18;853;2;
34;22;19;854;1;
34;22;20;854;;
34;22;21;854;;
34;22;22;854;2;
34;22;23;855;1;
34;22;24;855;;
34;22;25;855;;
34;22;26;855;;
34;22;27;855;2;
34;22;28;856;1;
34;22;29;856;;
34;22;30;856;;
34;22;31;856;2;
34;22;32;857;1;
34;22;33;857;;
34;22;34;857;;
34;22;35;857;2;
34;22;36;858;1;
34;22;37;858;;
34;22;38;858;;
34;22;39;858;2;
34;22;40;859;1;
34;22;41;859;;
34;22;42;859;;
34;22;43;859;2;
34;22;44;860;1;
34;22;45;860;;
34;22;46;860;;
34;22;47;860;;
34;22;48;860;2;
34;22;49;861;1;
34;22;50;861;;
34;22;51;861;;
34;22;52;861;;
34;22;53;861;;
34;22;54;861;2;
35;22;1;862;1;
35;22;2;862;;
35;22;3;862;2;
35;22;4;863;1;
35;22;5;863;;
35;22;6;863;;
35;22;7;863;;
35;22;8;863;2;
35;22;9;864;1;
35;22;10;864;;
35;22;11;864;2;
35;22;12;865;1;
35;22;13;865;2;
35;22;14;866;1;
35;22;15;866;;
35;22;16;866;;
35;22;17;866;;
35;22;18;866;2;
35;22;19;867;1;
35;22;20;867;;
35;22;21;867;;
35;22;22;867;;
35;22;23;867;;
35;22;24;867;;
35;22;25;867;;
35;22;26;867;2;
35;22;27;868;1;
35;22;28;868;;
35;22;29;868;;
35;22;30;868;2;
35;22;31;869;1;
35;22;32;869;;
35;22;33;869;;
35;22;34;869;2;
35;22;35;870;1;
35;22;36;870;;
35;22;37;870;;
35;22;38;870;2;
35;22;39;871;1;
35;22;40;871;;
35;22;41;871;;
35;22;42;871;2;
35;22;43;872;1;
35;22;44;872;;
35;22;45;872;2;1
36;22;1;873;1;
36;22;2;873;;
36;22;3;873;;
36;22;4;873;;
36;22;5;873;;
36;22;6;873;;
36;22;7;873;;
36;22;8;873;;
36;22;9;873;;
36;22;10;873;2;
36;22;11;874;1;
36;22;12;874;;
36;22;13;874;;
36;22;14;874;;
36;22;15;874;2;
36;22;16;875;1;
36;22;17;875;;
36;22;18;875;;
36;22;19;875;;
36;22;20;875;;
36;22;21;875;;
36;22;22;875;2;
36;22;23;876;1;
36;22;24;876;;
36;22;25;876;;
36;22;26;876;;
36;22;27;876;2;
36;23;28;877;1;
36;23;29;877;;
36;23;30;877;;
36;23;31;877;;
36;23;32;877;;
36;23;33;877;;
36;23;34;877;2;
36;23;35;878;1;
36;23;36;878;;
36;23;37;878;;
36;23;38;878;;
36;23;39;878;;
36;23;40;878;2;
36;23;41;879;1;
36;23;42;879;;
36;23;43;879;;
36;23;44;879;;
36;23;45;879;;
36;23;46;879;;
36;23;47;879;2;
36;23;48;880;1;
36;23;49;880;;
36;23;50;880;;
36;23;51;880;;
36;23;52;880;;
36;23;53;880;;
36;23;54;880;2;
36;23;55;881;1;
36;23;56;881;;
36;23;57;881;;
36;23;58;881;;
36;23;59;881;;
36;23;60;881;;
36;23;61;881;;
36;23;62;881;2;
36;23;63;882;1;
36;23;64;882;;
36;23;65;882;;
36;23;66;882;;
36;23;67;882;;
36;23;68;882;;
36;23;69;882;;
36;23;70;882;2;
36;23;71;883;1;
36;23;72;883;;
36;23;73;883;;
36;23;74;883;;
36;23;75;883;;
36;23;76;883;;
36;23;77;883;2;
36;23;78;884;1;
36;23;79;884;;
36;23;80;884;;
36;23;81;884;;
36;23;82;884;;
36;23;83;884;2;
37;23;1;885;1;
37;23;2;885;;
37;23;3;885;;
37;23;4;885;;
37;23;5;885;;
37;23;6;885;;
37;23;7;885;;
37;23;8;885;;
37;23;9;885;;
37;23;10;885;;
37;23;11;885;2;
37;23;12;886;1;
37;23;13;886;;
37;23;14;886;;
37;23;15;886;;
37;23;16;886;;
37;23;17;886;;
37;23;18;886;;
37;23;19;886;;
37;23;20;886;;
37;23;21;886;;
37;23;22;886;;
37;23;23;886;;
37;23;24;886;2;
37;23;25;887;1;
37;23;26;887;;
37;23;27;887;;
37;23;28;887;;
37;23;29;887;;
37;23;30;887;;
37;23;31;887;;
37;23;32;887;;
37;23;33;887;;
37;23;34;887;;
37;23;35;887;;
37;23;36;887;2;
37;23;37;888;1;
37;23;38;888;;
37;23;39;888;;
37;23;40;888;;
37;23;41;888;;
37;23;42;888;;
37;23;43;888;;
37;23;44;888;;
37;23;45;888;;
37;23;46;888;;
37;23;47;888;;
37;23;48;888;;
37;23;49;888;;
37;23;50;888;;
37;23;51;888;2;
37;23;52;889;1;
37;23;53;889;;
37;23;54;889;;
37;23;55;889;;
37;23;56;889;;
37;23;57;889;;
37;23;58;889;;
37;23;59;889;;
37;23;60;889;;
37;23;61;889;;
37;23;62;889;2;
37;23;63;890;1;
37;23;64;890;;
37;23;65;890;;
37;23;66;890;;
37;23;67;890;;
37;23;68;890;;
37;23;69;890;;
37;23;70;890;;
37;23;71;890;;
37;23;72;890;;
37;23;73;890;;
37;23;74;890;;
37;23;75;890;;
37;23;76;890;2;
37;23;77;891;1;
37;23;78;891;;
37;23;79;891;;
37;23;80;891;;
37;23;81;891;;
37;23;82;891;;
37;23;83;891;;
37;23;84;891;;
37;23;85;891;;
37;23;86;891;;
37;23;87;891;;
37;23;88;891;;
37;23;89;891;;
37;23;90;891;2;
37;23;91;892;1;
37;23;92;892;;
37;23;93;892;;
37;23;94;892;;
37;23;95;892;;
37;23;96;892;;
37;23;97;892;;
37;23;98;892;;
37;23;99;892;;
37;23;100;892;;
37;23;101;892;;
37;23;102;892;2;
37;23;103;893;1;
37;23;104;893;;
37;23;105;893;;
37;23;106;893;;
37;23;107;893;;
37;23;108;893;;
37;23;109;893;;
37;23;110;893;;
37;23;111;893;;
37;23;112;893;;
37;23;113;893;2;
37;23;114;894;1;
37;23;115;894;;
37;23;116;894;;
37;23;117;894;;
37;23;118;894;;
37;23;119;894;;
37;23;120;894;;
37;23;121;894;;
37;23;122;894;;
37;23;123;894;;
37;23;124;894;;
37;23;125;894;;
37;23;126;894;2;
37;23;127;895;1;
37;23;128;895;;
37;23;129;895;;
37;23;130;895;;
37;23;131;895;;
37;23;132;895;;
37;23;133;895;;
37;23;134;895;;
37;23;135;895;;
37;23;136;895;;
37;23;137;895;;
37;23;138;895;;
37;23;139;895;;
37;23;140;895;;
37;23;141;895;2;
37;23;142;896;1;
37;23;143;896;;
37;23;144;896;;
37;23;145;896;;
37;23;146;896;;
37;23;147;896;;
37;23;148;896;;
37;23;149;896;;
37;23;150;896;;
37;23;151;896;;
37;23;152;896;;
37;23;153;896;2;
37;23;154;897;1;
37;23;155;897;;
37;23;156;897;;
37;23;157;897;;
37;23;158;897;;
37;23;159;897;;
37;23;160;897;;
37;23;161;897;;
37;23;162;897;;
37;23;163;897;;
37;23;164;897;;
37;23;165;897;;
37;23;166;897;2;
37;23;167;898;1;
37;23;168;898;;
37;23;169;898;;
37;23;170;898;;
37;23;171;898;;
37;23;172;898;;
37;23;173;898;;
37;23;174;898;;
37;23;175;898;;
37;23;176;898;;
37;23;177;898;;
37;23;178;898;;
37;23;179;898;;
37;23;180;898;;
37;23;181;898;;
37;23;182;898;2;
38;23;1;899;1;
38;23;2;899;;
38;23;3;899;;
38;23;4;899;;
38;23;5;899;;
38;23;6;899;;
38;23;7;899;;
38;23;8;899;2;
38;23;9;900;1;
38;23;10;900;;
38;23;11;900;;
38;23;12;900;;
38;23;13;900;;
38;23;14;900;;
38;23;15;900;;
38;23;16;900;2;
38;23;17;901;1;
38;23;18;901;;
38;23;19;901;;
38;23;20;901;;
38;23;21;901;;
38;23;22;901;2;
38;23;23;902;1;
38;23;24;902;;
38;23;25;902;;
38;23;26;902;2;
38;23;27;903;1;
38;23;28;903;;
38;23;29;903;;
38;23;30;903;;
38;23;31;903;;
38;23;32;903;;
38;23;33;903;2;
38;23;34;904;1;
38;23;35;904;;
38;23;36;904;;
38;23;37;904;;
38;23;38;904;;
38;23;39;904;;
38;23;40;904;;
38;23;41;904;;
38;23;42;904;2;
38;23;43;905;1;
38;23;44;905;;
38;23;45;905;;
38;23;46;905;;
38;23;47;905;;
38;23;48;905;;
38;23;49;905;;
38;23;50;905;;
38;23;51;905;2;
38;23;52;906;1;
38;23;53;906;;
38;23;54;906;;
38;23;55;906;;
38;23;56;906;;
38;23;57;906;;
38;23;58;906;;
38;23;59;906;;
38;23;60;906;;
38;23;61;906;2;
38;23;62;907;1;
38;23;63;907;;
38;23;64;907;;
38;23;65;907;;
38;23;66;907;;
38;23;67;907;;
38;23;68;907;;
38;23;69;907;;
38;23;70;907;;
38;23;71;907;;
38;23;72;907;;
38;23;73;907;2;
38;23;74;908;1;
38;23;75;908;;
38;23;76;908;;
38;23;77;908;;
38;23;78;908;;
38;23;79;908;;
38;23;80;908;;
38;23;81;908;;
38;23;82;908;;
38;23;83;908;;
38;23;84;908;;
38;23;85;908;;
38;23;86;908;;
38;23;87;908;;
38;23;88;908;2;1
39;23;1;909;1;
39;23;2;909;;
39;23;3;909;;
39;23;4;909;;
39;23;5;909;2;
39;23;6;910;1;
39;23;7;910;2;
39;23;8;911;1;
39;23;9;911;;
39;23;10;911;2;
39;23;11;912;1;
39;23;12;912;;
39;23;13;912;;
39;23;14;912;;
39;23;15;912;;
39;23;16;912;;
39;23;17;912;2;
39;23;18;913;1;
39;23;19;913;;
39;23;20;913;;
39;23;21;913;2;
39;23;22;914;1;
39;23;23;914;;
39;23;24;914;2;
39;23;25;915;1;
39;23;26;915;;
39;23;27;915;;
39;23;28;915;;
39;23;29;915;;
39;23;30;915;;
39;23;31;915;2;
39;24;32;916;1;
39;24;33;916;;
39;24;34;916;;
39;24;35;916;;
39;24;36;916;;
39;24;37;916;2;
39;24;38;917;1;
39;24;39;917;;
39;24;40;917;2;
39;24;41;918;1;
39;24;42;918;;
39;24;43;918;2;
39;24;44;919;1;
39;24;45;919;;
39;24;46;919;;
39;24;47;919;2;
39;24;48;920;1;
39;24;49;920;;
39;24;50;920;;
39;24;51;920;;
39;24;52;920;2;
39;24;53;921;1;
39;24;54;921;;
39;24;55;921;;
39;24;56;921;2;
39;24;57;922;1;
39;24;58;922;;
39;24;59;922;;
39;24;60;922;;
39;24;61;922;;
39;24;62;922;2;
39;24;63;923;1;
39;24;64;923;;
39;24;65;923;;
39;24;66;923;;
39;24;67;923;2;
39;24;68;924;1;
39;24;69;924;;
39;24;70;924;;
39;24;71;924;2;
39;24;72;925;1;
39;24;73;925;;
39;24;74;925;;
39;24;75;925;2;
40;24;1;926;1;
40;24;2;926;;
40;24;3;926;;
40;24;4;926;;
40;24;5;926;2;
40;24;6;927;1;
40;24;7;927;;
40;24;8;927;2;
40;24;9;928;1;
40;24;10;928;;
40;24;11;928;2;
40;24;12;929;1;
40;24;13;929;;
40;24;14;929;;
40;24;15;929;;
40;24;16;929;2;
40;24;17;930;1;
40;24;18;930;;
40;24;19;930;;
40;24;20;930;;
40;24;21;930;2;
40;24;22;931;1;
40;24;23;931;;
40;24;24;931;;
40;24;25;931;2;
40;24;26;932;1;
40;24;27;932;;
40;24;28;932;2;
40;24;29;933;1;
40;24;30;933;;
40;24;31;933;;
40;24;32;933;;
40;24;33;933;2;
40;24;34;934;1;
40;24;35;934;;
40;24;36;934;2;
40;24;37;935;1;
40;24;38;935;;
40;24;39;935;;
40;24;40;935;2;
40;24;41;936;1;
40;24;42;936;;
40;24;43;936;;
40;24;44;936;2;
40;24;45;937;1;
40;24;46;937;;
40;24;47;937;;
40;24;48;937;;
40;24;49;937;2;
40;24;50;938;1;
40;24;51;938;;
40;24;52;938;;
40;24;53;938;;
40;24;54;938;;
40;24;55;938;2;
40;24;56;939;1;
40;24;57;939;;
40;24;58;939;2;
40;24;59;940;1;
40;24;60;940;;
40;24;61;940;;
40;24;62;940;;
40;24;63;940;2;
40;24;64;941;1;
40;24;65;941;;
40;24;66;941;2;
40;24;67;942;1;
40;24;68;942;;
40;24;69;942;;
40;24;70;942;;
40;24;71;942;2;
40;24;72;943;1;
40;24;73;943;;
40;24;74;943;;
40;24;75;943;;
40;24;76;943;;
40;24;77;943;2;
40;24;78;944;1;
40;24;79;944;;
40;24;80;944;;
40;24;81;944;2;
40;24;82;945;1;
40;24;83;945;;
40;24;84;945;;
40;24;85;945;2;
41;24;1;946;1;
41;24;2;946;;
41;24;3;946;;
41;24;4;946;;
41;24;5;946;;
41;24;6;946;2;
41;24;7;947;1;
41;24;8;947;;
41;24;9;947;;
41;24;10;947;;
41;24;11;947;2;
41;24;12;948;1;
41;24;13;948;;
41;24;14;948;;
41;24;15;948;2;
41;24;16;949;1;
41;24;17;949;;
41;24;18;949;;
41;24;19;949;;
41;24;20;949;2;
41;24;21;950;1;
41;24;22;950;;
41;24;23;950;;
41;24;24;950;2;
41;24;25;951;1;
41;24;26;951;;
41;24;27;951;;
41;24;28;951;;
41;24;29;951;2;
41;24;30;952;1;
41;24;31;952;;
41;24;32;952;;
41;24;33;952;;
41;24;34;952;2;
41;24;35;953;1;
41;24;36;953;;
41;24;37;953;;
41;24;38;953;2;
41;24;39;954;1;
41;24;40;954;;
41;24;41;954;;
41;24;42;954;;
41;24;43;954;2;
41;24;44;955;1;
41;24;45;955;;
41;24;46;955;2;
41;25;47;956;1;
41;25;48;956;;
41;25;49;956;;
41;25;50;956;2;
41;25;51;957;1;
41;25;52;957;;
41;25;53;957;;
41;25;54;957;2;1
42;25;1;958;1;
42;25;2;958;;
42;25;3;958;;
42;25;4;958;;
42;25;5;958;;
42;25;6;958;2;
42;25;7;959;1;
42;25;8;959;;
42;25;9;959;;
42;25;10;959;2;
42;25;11;960;1;
42;25;12;960;;
42;25;13;960;2;
42;25;14;961;1;
42;25;15;961;2;
42;25;16;962;1;
42;25;17;962;;
42;25;18;962;;
42;25;19;962;2;
42;25;20;963;1;
42;25;21;963;;
42;25;22;963;2;
42;25;23;964;1;
42;25;24;964;;
42;25;25;964;;
42;25;26;964;2;
42;25;27;965;1;
42;25;28;965;;
42;25;29;965;;
42;25;30;965;;
42;25;31;965;2;
42;25;32;966;1;
42;25;33;966;;
42;25;34;966;;
42;25;35;966;;
42;25;36;966;;
42;25;37;966;;
42;25;38;966;2;
42;25;39;967;1;
42;25;40;967;;
42;25;41;967;;
42;25;42;967;;
42;25;43;967;;
42;25;44;967;2;
42;25;45;968;1;
42;25;46;968;;
42;25;47;968;;
42;25;48;968;2;
42;25;49;969;1;
42;25;50;969;;
42;25;51;969;;
42;25;52;969;;
42;25;53;969;2;
43;25;1;970;1;
43;25;2;970;;
43;25;3;970;;
43;25;4;970;;
43;25;5;970;;
43;25;6;970;;
43;25;7;970;;
43;25;8;970;;
43;25;9;970;;
43;25;10;970;2;
43;25;11;971;1;
43;25;12;971;;
43;25;13;971;;
43;25;14;971;;
43;25;15;971;;
43;25;16;971;2;
43;25;17;972;1;
43;25;18;972;;
43;25;19;972;;
43;25;20;972;;
43;25;21;972;;
43;25;22;972;2;
43;25;23;973;1;
43;25;24;973;;
43;25;25;973;;
43;25;26;973;;
43;25;27;973;;
43;25;28;973;;
43;25;29;973;2;
43;25;30;974;1;
43;25;31;974;;
43;25;32;974;;
43;25;33;974;2;
43;25;34;975;1;
43;25;35;975;;
43;25;36;975;;
43;25;37;975;;
43;25;38;975;;
43;25;39;975;;
43;25;40;975;2;
43;25;41;976;1;
43;25;42;976;;
43;25;43;976;;
43;25;44;976;;
43;25;45;976;;
43;25;46;976;;
43;25;47;976;2;
43;25;48;977;1;
43;25;49;977;;
43;25;50;977;;
43;25;51;977;;
43;25;52;977;;
43;25;53;977;;
43;25;54;977;2;
43;25;55;978;1;
43;25;56;978;;
43;25;57;978;;
43;25;58;978;;
43;25;59;978;;
43;25;60;978;2;
43;25;61;979;1;
43;25;62;979;;
43;25;63;979;;
43;25;64;979;;
43;25;65;979;;
43;25;66;979;2;
43;25;67;980;1;
43;25;68;980;;
43;25;69;980;;
43;25;70;980;;
43;25;71;980;;
43;25;72;980;;
43;25;73;980;2;
43;25;74;981;1;
43;25;75;981;;
43;25;76;981;;
43;25;77;981;;
43;25;78;981;;
43;25;79;981;;
43;25;80;981;;
43;25;81;981;;
43;25;82;981;2;
43;25;83;982;1;
43;25;84;982;;
43;25;85;982;;
43;25;86;982;;
43;25;87;982;;
43;25;88;982;;
43;25;89;982;2;
44;25;1;983;1;
44;25;2;983;;
44;25;3;983;;
44;25;4;983;;
44;25;5;983;;
44;25;6;983;;
44;25;7;983;;
44;25;8;983;2;
44;25;9;984;1;
44;25;10;984;;
44;25;11;984;;
44;25;12;984;;
44;25;13;984;;
44;25;14;984;;
44;25;15;984;;
44;25;16;984;;
44;25;17;984;;
44;25;18;984;2;
44;25;19;985;1;
44;25;20;985;;
44;25;21;985;;
44;25;22;985;;
44;25;23;985;;
44;25;24;985;;
44;25;25;985;;
44;25;26;985;;
44;25;27;985;;
44;25;28;985;;
44;25;29;985;;
44;25;30;985;2;
44;25;31;986;1;
44;25;32;986;;
44;25;33;986;;
44;25;34;986;;
44;25;35;986;;
44;25;36;986;;
44;25;37;986;;
44;25;38;986;;
44;25;39;986;2;
44;25;40;987;1;
44;25;41;987;;
44;25;42;987;;
44;25;43;987;;
44;25;44;987;;
44;25;45;987;;
44;25;46;987;;
44;25;47;987;;
44;25;48;987;;
44;25;49;987;2;
44;25;50;988;1;
44;25;51;988;;
44;25;52;988;;
44;25;53;988;;
44;25;54;988;;
44;25;55;988;;
44;25;56;988;;
44;25;57;988;;
44;25;58;988;;
44;25;59;988;2;
45;25;1;989;1;
45;25;2;989;;
45;25;3;989;;
45;25;4;989;;
45;25;5;989;;
45;25;6;989;;
45;25;7;989;;
45;25;8;989;2;
45;25;9;990;1;
45;25;10;990;;
45;25;11;990;;
45;25;12;990;;
45;25;13;990;2;
45;25;14;991;1;
45;25;15;991;;
45;25;16;991;;
45;25;17;991;2;
45;25;18;992;1;
45;25;19;992;;
45;25;20;992;;
45;25;21;992;;
45;25;22;992;2;
45;25;23;993;1;
45;25;24;993;;
45;25;25;993;;
45;25;26;993;;
45;25;27;993;2;
45;25;28;994;1;
45;25;29;994;;
45;25;30;994;;
45;25;31;994;;
45;25;32;994;2;
45;25;33;995;1;
45;25;34;995;;
45;25;35;995;;
45;25;36;995;;
45;25;37;995;2;1
46;26;1;996;1;
46;26;2;996;;
46;26;3;996;;
46;26;4;996;;
46;26;5;996;2;
46;26;6;997;1;
46;26;7;997;;
46;26;8;997;;
46;26;9;997;2;
46;26;10;998;1;
46;26;11;998;;
46;26;12;998;;
46;26;13;998;;
46;26;14;998;2;
46;26;15;999;1;
46;26;16;999;2;
46;26;17;1000;1;
46;26;18;1000;;
46;26;19;1000;;
46;26;20;1000;2;
46;26;21;1001;1;
46;26;22;1001;;
46;26;23;1001;;
46;26;24;1001;2;
46;26;25;1002;1;
46;26;26;1002;;
46;26;27;1002;;
46;26;28;1002;2;
46;26;29;1003;1;
46;26;30;1003;;
46;26;31;1003;;
46;26;32;1003;2;
46;26;33;1004;1;
46;26;34;1004;;
46;26;35;1004;2;
47;26;1;1005;1;
47;26;2;1005;;
47;26;3;1005;;
47;26;4;1005;2;
47;26;5;1006;1;
47;26;6;1006;;
47;26;7;1006;;
47;26;8;1006;;
47;26;9;1006;;
47;26;10;1006;;
47;26;11;1006;2;
47;26;12;1007;1;
47;26;13;1007;;
47;26;14;1007;;
47;26;15;1007;2;
47;26;16;1008;1;
47;26;17;1008;;
47;26;18;1008;;
47;26;19;1008;2;
47;26;20;1009;1;
47;26;21;1009;;
47;26;22;1009;;
47;26;23;1009;;
47;26;24;1009;2;
47;26;25;1010;1;
47;26;26;1010;;
47;26;27;1010;;
47;26;28;1010;;
47;26;29;1010;2;
47;26;30;1011;1;
47;26;31;1011;;
47;26;32;1011;;
47;26;33;1011;;
47;26;34;1011;2;
47;26;35;1012;1;
47;26;36;1012;;
47;26;37;1012;;
47;26;38;1012;2;
48;26;1;1013;1;
48;26;2;1013;;
48;26;3;1013;;
48;26;4;1013;;
48;26;5;1013;2;
48;26;6;1014;1;
48;26;7;1014;;
48;26;8;1014;;
48;26;9;1014;2;
48;26;10;1015;1;
48;26;11;1015;2;
48;26;12;1016;1;
48;26;13;1016;;
48;26;14;1016;;
48;26;15;1016;2;
48;26;16;1017;1;
48;26;17;1017;;
48;26;18;1017;2;
48;26;19;1018;1;
48;26;20;1018;;
48;26;21;1018;;
48;26;22;1018;;
48;26;23;1018;2;
48;26;24;1019;1;
48;26;25;1019;2;
48;26;26;1020;1;
48;26;27;1020;;
48;26;28;1020;2;
48;26;29;1021;1;
48;26;29;1021;2;
49;26;1;1022;1;
49;26;2;1022;;
49;26;3;1022;;
49;26;4;1022;2;
49;26;5;1023;1;
49;26;6;1023;;
49;26;7;1023;;
49;26;8;1023;2;
49;26;9;1024;1;
49;26;10;1024;;
49;26;11;1024;2;
49;26;12;1025;1;
49;26;13;1025;;
49;26;14;1025;2;
49;26;15;1026;1;
49;26;16;1026;;
49;26;17;1026;;
49;26;18;1026;2;
50;26;1;1027;1;
50;26;2;1027;;
50;26;3;1027;;
50;26;4;1027;;
50;26;5;1027;;
50;26;6;1027;;
50;26;7;1027;2;
50;26;8;1028;1;
50;26;9;1028;;
50;26;10;1028;;
50;26;11;1028;;
50;26;12;1028;;
50;26;13;1028;;
50;26;14;1028;;
50;26;15;1028;2;
50;26;16;1029;1;
50;26;17;1029;;
50;26;18;1029;;
50;26;19;1029;;
50;26;20;1029;;
50;26;21;1029;;
50;26;22;1029;;
50;26;23;1029;;
50;26;24;1029;;
50;26;25;1029;2;
50;26;26;1030;1;
50;26;27;1030;;
50;26;28;1030;;
50;26;29;1030;;
50;26;30;1030;;
50;26;31;1030;;
50;26;32;1030;;
50;26;33;1030;;
50;26;34;1030;;
50;26;35;1030;2;
50;26;36;1031;1;
50;26;37;1031;;
50;26;38;1031;;
50;26;39;1031;2;
50;26;40;1032;1;
50;26;41;1032;;
50;26;42;1032;;
50;26;43;1032;;
50;26;44;1032;;
50;26;45;1032;2;1
51;26;1;1033;1;
51;26;2;1033;;
51;26;3;1033;;
51;26;4;1033;;
51;26;5;1033;;
51;26;6;1033;;
51;26;7;1033;;
51;26;8;1033;;
51;26;9;1033;;
51;26;10;1033;;
51;26;11;1033;;
51;26;12;1033;;
51;26;13;1033;;
51;26;14;1033;;
51;26;15;1033;;
51;26;16;1033;;
51;26;17;1033;;
51;26;18;1033;;
51;26;19;1033;2;
51;26;20;1034;1;
51;26;21;1034;;
51;26;22;1034;;
51;26;23;1034;;
51;26;24;1034;;
51;26;25;1034;;
51;26;26;1034;;
51;26;27;1034;;
51;26;28;1034;;
51;26;29;1034;;
51;26;30;1034;2;
51;27;31;1035;1;
51;27;32;1035;;
51;27;33;1035;;
51;27;34;1035;;
51;27;35;1035;;
51;27;36;1035;;
51;27;37;1035;;
51;27;38;1035;;
51;27;39;1035;;
51;27;40;1035;2;
51;27;41;1036;1;
51;27;42;1036;;
51;27;43;1036;;
51;27;44;1036;;
51;27;45;1036;;
51;27;46;1036;;
51;27;47;1036;;
51;27;48;1036;;
51;27;49;1036;;
51;27;50;1036;;
51;27;51;1036;2;
51;27;52;1037;1;
51;27;53;1037;;
51;27;54;1037;;
51;27;55;1037;;
51;27;56;1037;;
51;27;57;1037;;
51;27;58;1037;;
51;27;59;1037;;
51;27;60;1037;2;
52;27;1;1038;1;
52;27;2;1038;;
52;27;3;1038;;
52;27;4;1038;;
52;27;5;1038;;
52;27;6;1038;;
52;27;7;1038;;
52;27;8;1038;;
52;27;9;1038;;
52;27;10;1038;;
52;27;11;1038;;
52;27;12;1038;;
52;27;13;1038;;
52;27;14;1038;2;
52;27;15;1039;1;
52;27;16;1039;;
52;27;17;1039;;
52;27;18;1039;;
52;27;19;1039;;
52;27;20;1039;;
52;27;21;1039;2;
52;27;22;1040;1;
52;27;23;1040;;
52;27;24;1040;;
52;27;25;1040;;
52;27;26;1040;;
52;27;27;1040;;
52;27;28;1040;;
52;27;29;1040;;
52;27;30;1040;;
52;27;31;1040;2;
52;27;32;1041;1;
52;27;33;1041;;
52;27;34;1041;;
52;27;35;1041;;
52;27;36;1041;;
52;27;37;1041;;
52;27;38;1041;;
52;27;39;1041;;
52;27;40;1041;2;
52;27;41;1042;1;
52;27;42;1042;;
52;27;43;1042;;
52;27;44;1042;;
52;27;45;1042;;
52;27;46;1042;;
52;27;47;1042;;
52;27;48;1042;;
52;27;49;1042;2;
53;27;1;1043;1;
53;27;2;1043;;
53;27;3;1043;;
53;27;4;1043;;
53;27;5;1043;;
53;27;6;1043;;
53;27;7;1043;;
53;27;8;1043;;
53;27;9;1043;;
53;27;10;1043;;
53;27;11;1043;;
53;27;12;1043;;
53;27;13;1043;;
53;27;14;1043;;
53;27;15;1043;;
53;27;16;1043;;
53;27;17;1043;;
53;27;18;1043;2;
53;27;19;1044;1;
53;27;20;1044;;
53;27;21;1044;;
53;27;22;1044;;
53;27;23;1044;;
53;27;24;1044;;
53;27;25;1044;;
53;27;26;1044;2;
53;27;27;1045;1;
53;27;28;1045;;
53;27;29;1045;;
53;27;30;1045;;
53;27;31;1045;2;
53;27;32;1046;1;
53;27;33;1046;;
53;27;34;1046;;
53;27;35;1046;;
53;27;36;1046;;
53;27;37;1046;;
53;27;38;1046;;
53;27;39;1046;;
53;27;40;1046;;
53;27;41;1046;;
53;27;42;1046;;
53;27;43;1046;;
53;27;44;1046;2;
53;27;45;1047;1;
53;27;46;1047;;
53;27;47;1047;;
53;27;48;1047;;
53;27;49;1047;;
53;27;50;1047;;
53;27;51;1047;;
53;27;52;1047;;
53;27;53;1047;;
53;27;54;1047;;
53;27;55;1047;;
53;27;56;1047;;
53;27;57;1047;;
53;27;58;1047;;
53;27;59;1047;;
53;27;60;1047;;
53;27;61;1047;;
53;27;62;1047;2;
54;27;1;1048;1;
54;27;2;1048;;
54;27;3;1048;;
54;27;4;1048;;
54;27;5;1048;;
54;27;6;1048;;
54;27;7;1048;;
54;27;8;1048;;
54;27;9;1048;;
54;27;10;1048;2;
54;27;11;1049;1;
54;27;12;1049;;
54;27;13;1049;;
54;27;14;1049;;
54;27;15;1049;;
54;27;16;1049;;
54;27;17;1049;;
54;27;18;1049;2;
54;27;19;1050;1;
54;27;20;1050;;
54;27;21;1050;;
54;27;22;1050;;
54;27;23;1050;;
54;27;24;1050;;
54;27;25;1050;;
54;27;26;1050;;
54;27;27;1050;2;
54;27;28;1051;1;
54;27;29;1051;;
54;27;30;1051;;
54;27;31;1051;;
54;27;32;1051;;
54;27;33;1051;;
54;27;34;1051;;
54;27;35;1051;2;
54;27;36;1052;1;
54;27;37;1052;;
54;27;38;1052;;
54;27;39;1052;;
54;27;40;1052;;
54;27;41;1052;;
54;27;42;1052;;
54;27;43;1052;;
54;27;44;1052;;
54;27;45;1052;;
54;27;46;1052;2;
54;27;47;1053;1;
54;27;48;1053;;
54;27;49;1053;;
54;27;50;1053;;
54;27;51;1053;;
54;27;52;1053;;
54;27;53;1053;;
54;27;54;1053;;
54;27;55;1053;2;
55;27;1;1054;1;
55;27;2;1054;;
55;27;3;1054;;
55;27;4;1054;;
55;27;5;1054;;
55;27;6;1054;;
55;27;7;1054;;
55;27;8;1054;;
55;27;9;1054;;
55;27;10;1054;;
55;27;11;1054;;
55;27;12;1054;;
55;27;13;1054;;
55;27;14;1054;;
55;27;15;1054;;
55;27;16;1054;2;
55;27;17;1055;1;
55;27;18;1055;;
55;27;19;1055;;
55;27;20;1055;;
55;27;21;1055;;
55;27;22;1055;;
55;27;23;1055;;
55;27;24;1055;;
55;27;25;1055;;
55;27;26;1055;;
55;27;27;1055;;
55;27;28;1055;;
55;27;29;1055;;
55;27;30;1055;;
55;27;31;1055;;
55;27;32;1055;2;
55;27;33;1056;1;
55;27;34;1056;;
55;27;35;1056;;
55;27;36;1056;;
55;27;37;1056;;
55;27;38;1056;;
55;27;39;1056;;
55;27;40;1056;2;
55;27;41;1057;1;
55;27;42;1057;;
55;27;43;1057;;
55;27;44;1057;;
55;27;45;1057;;
55;27;46;1057;;
55;27;47;1057;;
55;27;48;1057;;
55;27;49;1057;;
55;27;50;1057;;
55;27;51;1057;;
55;27;52;1057;;
55;27;53;1057;2;
55;27;54;1058;1;
55;27;55;1058;;
55;27;56;1058;;
55;27;57;1058;;
55;27;58;1058;;
55;27;59;1058;;
55;27;60;1058;;
55;27;61;1058;;
55;27;62;1058;;
55;27;63;1058;;
55;27;64;1058;;
55;27;65;1058;;
55;27;66;1058;;
55;27;67;1058;;
55;27;68;1058;;
55;27;69;1058;2;
55;27;70;1059;1;
55;27;71;1059;;
55;27;72;1059;;
55;27;73;1059;;
55;27;74;1059;;
55;27;75;1059;;
55;27;76;1059;;
55;27;77;1059;;
55;27;78;1059;2;
56;27;1;1060;1;
56;27;2;1060;;
56;27;3;1060;;
56;27;4;1060;;
56;27;5;1060;;
56;27;6;1060;;
56;27;7;1060;;
56;27;8;1060;;
56;27;9;1060;;
56;27;10;1060;;
56;27;11;1060;;
56;27;12;1060;;
56;27;13;1060;;
56;27;14;1060;;
56;27;15;1060;;
56;27;16;1060;2;
56;27;17;1061;1;
56;27;18;1061;;
56;27;19;1061;;
56;27;20;1061;;
56;27;21;1061;;
56;27;22;1061;;
56;27;23;1061;;
56;27;24;1061;;
56;27;25;1061;;
56;27;26;1061;;
56;27;27;1061;;
56;27;28;1061;;
56;27;29;1061;;
56;27;30;1061;;
56;27;31;1061;;
56;27;32;1061;;
56;27;33;1061;;
56;27;34;1061;;
56;27;35;1061;;
56;27;36;1061;;
56;27;37;1061;;
56;27;38;1061;2;
56;27;39;1062;1;
56;27;40;1062;;
56;27;41;1062;;
56;27;42;1062;;
56;27;43;1062;;
56;27;44;1062;;
56;27;45;1062;;
56;27;46;1062;;
56;27;47;1062;;
56;27;48;1062;;
56;27;49;1062;;
56;27;50;1062;2;
56;27;51;1063;1;
56;27;52;1063;;
56;27;53;1063;;
56;27;54;1063;;
56;27;55;1063;;
56;27;56;1063;;
56;27;57;1063;;
56;27;58;1063;;
56;27;59;1063;;
56;27;60;1063;;
56;27;61;1063;;
56;27;62;1063;2;
56;27;63;1064;1;
56;27;64;1064;;
56;27;65;1064;;
56;27;66;1064;;
56;27;67;1064;;
56;27;68;1064;;
56;27;69;1064;;
56;27;70;1064;;
56;27;71;1064;;
56;27;72;1064;;
56;27;73;1064;;
56;27;74;1064;;
56;27;75;1064;;
56;27;76;1064;2;
56;27;77;1065;1;
56;27;78;1065;;
56;27;79;1065;;
56;27;80;1065;;
56;27;81;1065;;
56;27;82;1065;;
56;27;83;1065;;
56;27;84;1065;;
56;27;85;1065;2;
56;27;86;1066;1;
56;27;87;1066;;
56;27;88;1066;;
56;27;89;1066;;
56;27;90;1066;;
56;27;91;1066;;
56;27;92;1066;;
56;27;93;1066;;
56;27;94;1066;;
56;27;95;1066;;
56;27;96;1066;2;
57;27;1;1067;1;
57;27;2;1067;;
57;27;3;1067;;
57;27;4;1067;;
57;27;5;1067;;
57;27;6;1067;2;
57;27;7;1068;1;
57;27;8;1068;;
57;27;9;1068;;
57;27;10;1068;;
57;27;11;1068;2;
57;27;12;1069;1;
57;27;13;1069;;
57;27;14;1069;2;
57;27;15;1070;1;
57;27;16;1070;;
57;27;17;1070;;
57;27;18;1070;2;
57;27;19;1071;1;
57;27;20;1071;2;
57;27;21;1072;1;
57;27;22;1072;;
57;27;23;1072;;
57;27;24;1072;2;
57;27;25;1073;1;
57;27;26;1073;2;
57;27;27;1074;1;
57;27;28;1074;;
57;27;29;1074;2;1
58;28;1;1075;1;
58;28;2;1075;;
58;28;3;1075;2;
58;28;4;1076;1;
58;28;5;1076;;
58;28;6;1076;2;
58;28;7;1077;1;
58;28;8;1077;2;
58;28;9;1078;1;
58;28;10;1078;;
58;28;11;1078;2;
58;28;12;1079;1;
58;28;13;1079;;
58;28;14;1079;;
58;28;15;1079;2;
58;28;16;1080;1;
58;28;17;1080;;
58;28;18;1080;;
58;28;19;1080;;
58;28;20;1080;;
58;28;21;1080;2;
58;28;22;1081;1;
58;28;22;1081;2;
59;28;1;1082;1;
59;28;2;1082;;
59;28;3;1082;2;
59;28;4;1083;1;
59;28;5;1083;;
59;28;6;1083;2;
59;28;7;1084;1;
59;28;8;1084;;
59;28;9;1084;2;
59;28;10;1085;1;
59;28;11;1085;2;
59;28;12;1086;1;
59;28;13;1086;;
59;28;14;1086;;
59;28;15;1086;;
59;28;16;1086;2;
59;28;17;1089;1;
59;28;18;1089;;
59;28;19;1089;;
59;28;20;1089;2;
59;28;21;1090;1;
59;28;22;1090;;
59;28;23;1090;;
59;28;24;1090;2;
60;28;1;1091;1;
60;28;2;1091;2;
60;28;3;1092;1;
60;28;4;1092;;
60;28;5;1092;2;
60;28;6;1093;1;
60;28;7;1093;;
60;28;8;1093;;
60;28;9;1093;2;
60;28;10;1094;1;
60;28;11;1094;2;
60;28;12;1095;1;
60;28;13;1095;2;
61;28;1;1096;1;
61;28;2;1096;;
61;28;3;1096;;
61;28;4;1096;;
61;28;5;1096;2;
61;28;6;1097;1;
61;28;7;1097;;
61;28;8;1097;;
61;28;9;1097;2;
61;28;10;1098;1;
61;28;11;1098;;
61;28;12;1098;;
61;28;13;1098;;
61;28;14;1098;2;
62;28;1;1099;1;
62;28;2;1099;;
62;28;3;1099;;
62;28;4;1099;2;
62;28;5;1100;1;
62;28;6;1100;;
62;28;7;1100;;
62;28;8;1100;2;
62;28;9;1101;1;
62;28;10;1101;;
62;28;11;1101;2;
63;28;1;1102;1;
63;28;2;1102;;
63;28;3;1102;;
63;28;4;1102;2;
63;28;5;1103;1;
63;28;6;1103;;
63;28;7;1103;2;
63;28;8;1104;1;
63;28;9;1104;;
63;28;10;1104;;
63;28;11;1104;2;
64;28;1;1105;1;
64;28;2;1105;;
64;28;3;1105;;
64;28;4;1105;;
64;28;5;1105;2;
64;28;6;1106;1;
64;28;7;1106;;
64;28;8;1106;;
64;28;9;1106;2;
64;28;10;1107;1;
64;28;11;1107;;
64;28;12;1107;;
64;28;13;1107;2;
64;28;14;1108;1;
64;28;15;1108;;
64;28;16;1108;;
64;28;17;1108;;
64;28;18;1108;2;
65;28;1;1109;1;
65;28;2;1109;2;
65;28;3;1110;1;
65;28;4;1110;;
65;28;5;1110;2;
65;28;6;1111;1;
65;28;7;1111;;
65;28;8;1111;;
65;28;9;1111;2;
65;28;10;1112;1;
65;28;11;1112;;
65;28;12;1112;2;
66;28;1;1113;1;
66;28;2;1113;;
66;28;3;1113;2;
66;28;4;1114;1;
66;28;5;1114;;
66;28;6;1114;;
66;28;7;1114;2;
66;28;8;1115;1;
66;28;9;1115;2;
66;28;10;1116;1;
66;28;11;1116;;
66;28;12;1116;2;1
67;29;1;1117;1;
67;29;2;1117;;
67;29;3;1117;;
67;29;4;1117;;
67;29;5;1117;2;
67;29;6;1118;1;
67;29;7;1118;;
67;29;8;1118;;
67;29;9;1118;;
67;29;10;1118;;
67;29;11;1118;;
67;29;12;1118;2;
67;29;13;1119;1;
67;29;14;1119;;
67;29;15;1119;;
67;29;16;1119;;
67;29;17;1119;;
67;29;18;1119;;
67;29;19;1119;2;
67;29;20;1120;1;
67;29;21;1120;;
67;29;22;1120;;
67;29;23;1120;;
67;29;24;1120;;
67;29;25;1120;;
67;29;26;1120;2;
67;29;27;1121;1;
67;29;28;1121;;
67;29;29;1121;;
67;29;30;1121;2;
68;29;1;1122;1;
68;29;2;1122;;
68;29;3;1122;;
68;29;4;1122;;
68;29;5;1122;;
68;29;6;1122;;
68;29;7;1122;;
68;29;8;1122;;
68;29;9;1122;;
68;29;10;1122;;
68;29;11;1122;;
68;29;12;1122;;
68;29;13;1122;;
68;29;14;1122;;
68;29;15;1122;;
68;29;16;1122;2;
68;29;17;1123;1;
68;29;18;1123;;
68;29;19;1123;;
68;29;20;1123;;
68;29;21;1123;;
68;29;22;1123;;
68;29;23;1123;;
68;29;24;1123;;
68;29;25;1123;;
68;29;26;1123;;
68;29;27;1123;;
68;29;28;1123;;
68;29;29;1123;2;
68;29;30;1124;1;
68;29;31;1124;;
68;29;32;1124;;
68;29;33;1124;;
68;29;34;1124;;
68;29;35;1124;;
68;29;36;1124;;
68;29;37;1124;;
68;29;38;1124;;
68;29;39;1124;;
68;29;40;1124;;
68;29;41;1124;;
68;29;42;1124;2;
68;29;43;1125;1;
68;29;44;1125;;
68;29;45;1125;;
68;29;46;1125;;
68;29;47;1125;;
68;29;48;1125;;
68;29;49;1125;;
68;29;50;1125;;
68;29;51;1125;;
68;29;52;1125;2;
69;29;1;1126;1;
69;29;2;1126;;
69;29;3;1126;;
69;29;4;1126;;
69;29;5;1126;;
69;29;6;1126;;
69;29;7;1126;;
69;29;8;1126;;
69;29;9;1126;;
69;29;10;1126;;
69;29;11;1126;;
69;29;12;1126;2;
69;29;13;1127;1;
69;29;14;1127;;
69;29;15;1127;;
69;29;16;1127;;
69;29;17;1127;;
69;29;18;1127;;
69;29;19;1127;;
69;29;20;1127;;
69;29;21;1127;;
69;29;22;1127;;
69;29;23;1127;;
69;29;24;1127;2;
69;29;25;1128;1;
69;29;26;1128;;
69;29;27;1128;;
69;29;28;1128;;
69;29;29;1128;;
69;29;30;1128;;
69;29;31;1128;;
69;29;32;1128;;
69;29;33;1128;;
69;29;34;1128;;
69;29;35;1128;;
69;29;36;1128;;
69;29;37;1128;;
69;29;38;1128;;
69;29;39;1128;2;
69;29;40;1129;1;
69;29;41;1129;;
69;29;42;1129;;
69;29;43;1129;;
69;29;44;1129;;
69;29;45;1129;;
69;29;46;1129;;
69;29;47;1129;;
69;29;48;1129;;
69;29;49;1129;;
69;29;50;1129;;
69;29;51;1129;;
69;29;52;1129;2;
70;29;1;1130;1;
70;29;2;1130;;
70;29;3;1130;;
70;29;4;1130;;
70;29;5;1130;;
70;29;6;1130;;
70;29;7;1130;;
70;29;8;1130;;
70;29;9;1130;;
70;29;10;1130;2;
70;29;11;1131;1;
70;29;12;1131;;
70;29;13;1131;;
70;29;14;1131;;
70;29;15;1131;;
70;29;16;1131;;
70;29;17;1131;;
70;29;18;1131;;
70;29;19;1131;;
70;29;20;1131;;
70;29;21;1131;;
70;29;22;1131;;
70;29;23;1131;2;
70;29;24;1132;1;
70;29;25;1132;;
70;29;26;1132;;
70;29;27;1132;;
70;29;28;1132;;
70;29;29;1132;;
70;29;30;1132;;
70;29;31;1132;;
70;29;32;1132;;
70;29;33;1132;;
70;29;34;1132;;
70;29;35;1132;2;
70;29;36;1133;1;
70;29;37;1133;;
70;29;38;1133;;
70;29;39;1133;;
70;29;40;1133;;
70;29;41;1133;;
70;29;42;1133;;
70;29;43;1133;;
70;29;44;1133;2;
71;29;1;1134;1;
71;29;2;1134;;
71;29;3;1134;;
71;29;4;1134;;
71;29;5;1134;;
71;29;6;1134;;
71;29;7;1134;;
71;29;8;1134;;
71;29;9;1134;;
71;29;10;1134;2;
71;29;11;1135;1;
71;29;12;1135;;
71;29;13;1135;;
71;29;14;1135;;
71;29;15;1135;;
71;29;16;1135;;
71;29;17;1135;;
71;29;18;1135;;
71;29;19;1135;;
71;29;20;1135;;
71;29;21;1135;2;
71;29;22;1136;1;
71;29;23;1136;;
71;29;24;1136;;
71;29;25;1136;;
71;29;26;1136;;
71;29;27;1136;;
71;29;28;1136;2;
72;29;1;1137;1;
72;29;2;1137;;
72;29;3;1137;;
72;29;4;1137;;
72;29;5;1137;;
72;29;6;1137;2;
72;29;7;1138;1;
72;29;8;1138;;
72;29;9;1138;;
72;29;10;1138;;
72;29;11;1138;;
72;29;12;1138;;
72;29;13;1138;2;
72;29;14;1139;1;
72;29;15;1139;;
72;29;16;1139;;
72;29;17;1139;;
72;29;18;1139;;
72;29;19;1139;;
72;29;20;1139;2;
72;29;21;1140;1;
72;29;22;1140;;
72;29;23;1140;;
72;29;24;1140;;
72;29;25;1140;;
72;29;26;1140;;
72;29;27;1140;;
72;29;28;1140;2;
73;29;1;1141;1;
73;29;2;1141;;
73;29;3;1141;;
73;29;4;1141;;
73;29;5;1141;;
73;29;6;1141;;
73;29;7;1141;;
73;29;8;1141;;
73;29;9;1141;;
73;29;10;1141;;
73;29;11;1141;2;
73;29;12;1142;1;
73;29;13;1142;;
73;29;14;1142;;
73;29;15;1142;;
73;29;16;1142;;
73;29;17;1142;;
73;29;18;1142;;
73;29;19;1142;2;
73;29;20;1143;1;
73;29;20;1143;2;
74;29;1;1144;1;
74;29;2;1144;;
74;29;3;1144;;
74;29;4;1144;;
74;29;5;1144;;
74;29;6;1144;;
74;29;7;1144;;
74;29;8;1144;;
74;29;9;1144;;
74;29;10;1144;;
74;29;11;1144;;
74;29;12;1144;;
74;29;13;1144;;
74;29;14;1144;;
74;29;15;1144;;
74;29;16;1144;;
74;29;17;1144;2;
74;29;18;1145;1;
74;29;19;1145;;
74;29;20;1145;;
74;29;21;1145;;
74;29;22;1145;;
74;29;23;1145;;
74;29;24;1145;;
74;29;25;1145;;
74;29;26;1145;;
74;29;27;1145;;
74;29;28;1145;;
74;29;29;1145;;
74;29;30;1145;;
74;29;31;1145;2;
74;29;32;1146;1;
74;29;33;1146;;
74;29;34;1146;;
74;29;35;1146;;
74;29;36;1146;;
74;29;37;1146;;
74;29;38;1146;;
74;29;39;1146;;
74;29;40;1146;;
74;29;41;1146;;
74;29;42;1146;;
74;29;43;1146;;
74;29;44;1146;;
74;29;45;1146;;
74;29;46;1146;;
74;29;47;1146;2;
74;29;48;1147;1;
74;29;49;1147;;
74;29;50;1147;;
74;29;51;1147;;
74;29;52;1147;;
74;29;53;1147;;
74;29;54;1147;;
74;29;55;1147;;
74;29;56;1147;2;
75;29;1;1148;1;
75;29;2;1148;;
75;29;3;1148;;
75;29;4;1148;;
75;29;5;1148;;
75;29;6;1148;;
75;29;7;1148;;
75;29;8;1148;;
75;29;9;1148;;
75;29;10;1148;;
75;29;11;1148;;
75;29;12;1148;;
75;29;13;1148;;
75;29;14;1148;;
75;29;15;1148;;
75;29;16;1148;;
75;29;17;1148;;
75;29;18;1148;;
75;29;19;1148;2;
75;29;20;1149;1;
75;29;21;1149;;
75;29;22;1149;;
75;29;23;1149;;
75;29;24;1149;;
75;29;25;1149;;
75;29;26;1149;;
75;29;27;1149;;
75;29;28;1149;;
75;29;29;1149;;
75;29;30;1149;;
75;29;31;1149;;
75;29;32;1149;;
75;29;33;1149;;
75;29;34;1149;;
75;29;35;1149;;
75;29;36;1149;;
75;29;37;1149;;
75;29;38;1149;;
75;29;39;1149;;
75;29;40;1149;2;
76;29;1;1150;1;
76;29;2;1150;;
76;29;3;1150;;
76;29;4;1150;;
76;29;5;1150;;
76;29;6;1150;;
76;29;7;1150;;
76;29;8;1150;;
76;29;9;1150;;
76;29;10;1150;2;
76;29;11;1151;1;
76;29;12;1151;;
76;29;13;1151;;
76;29;14;1151;;
76;29;15;1151;;
76;29;16;1151;;
76;29;17;1151;;
76;29;18;1151;;
76;29;19;1151;;
76;29;20;1151;;
76;29;21;1151;2;
76;29;22;1152;1;
76;29;23;1152;;
76;29;24;1152;;
76;29;25;1152;;
76;29;26;1152;;
76;29;27;1152;;
76;29;28;1152;;
76;29;29;1152;;
76;29;30;1152;;
76;29;31;1152;2;
77;29;1;1153;1;
77;29;2;1153;;
77;29;3;1153;;
77;29;4;1153;;
77;29;5;1153;;
77;29;6;1153;;
77;29;7;1153;;
77;29;8;1153;;
77;29;9;1153;;
77;29;10;1153;;
77;29;11;1153;;
77;29;12;1153;;
77;29;13;1153;;
77;29;14;1153;;
77;29;15;1153;;
77;29;16;1153;;
77;29;17;1153;;
77;29;18;1153;;
77;29;19;1153;2;
77;29;20;1154;1;
77;29;21;1154;;
77;29;22;1154;;
77;29;23;1154;;
77;29;24;1154;;
77;29;25;1154;;
77;29;26;1154;;
77;29;27;1154;;
77;29;28;1154;;
77;29;29;1154;;
77;29;30;1154;;
77;29;31;1154;;
77;29;32;1154;;
77;29;33;1154;;
77;29;34;1154;2;
77;29;35;1155;1;
77;29;36;1155;;
77;29;37;1155;;
77;29;38;1155;;
77;29;39;1155;;
77;29;40;1155;;
77;29;41;1155;;
77;29;42;1155;;
77;29;43;1155;;
77;29;44;1155;;
77;29;45;1155;;
77;29;46;1155;;
77;29;47;1155;;
77;29;48;1155;;
77;29;49;1155;;
77;29;50;1155;2;1
78;30;1;1156;1;
78;30;2;1156;;
78;30;3;1156;;
78;30;4;1156;;
78;30;5;1156;;
78;30;6;1156;;
78;30;7;1156;;
78;30;8;1156;;
78;30;9;1156;;
78;30;10;1156;;
78;30;11;1156;;
78;30;12;1156;;
78;30;13;1156;;
78;30;14;1156;;
78;30;15;1156;;
78;30;16;1156;2;
78;30;17;1157;1;
78;30;18;1157;;
78;30;19;1157;;
78;30;20;1157;;
78;30;21;1157;;
78;30;22;1157;;
78;30;23;1157;;
78;30;24;1157;;
78;30;25;1157;;
78;30;26;1157;;
78;30;27;1157;;
78;30;28;1157;;
78;30;29;1157;;
78;30;30;1157;2;
78;30;31;1158;1;
78;30;32;1158;;
78;30;33;1158;;
78;30;34;1158;;
78;30;35;1158;;
78;30;36;1158;;
78;30;37;1158;;
78;30;38;1158;;
78;30;39;1158;;
78;30;40;1158;2;
79;30;1;1159;1;
79;30;2;1159;;
79;30;3;1159;;
79;30;4;1159;;
79;30;5;1159;;
79;30;6;1159;;
79;30;7;1159;;
79;30;8;1159;;
79;30;9;1159;;
79;30;10;1159;;
79;30;11;1159;;
79;30;12;1159;;
79;30;13;1159;;
79;30;14;1159;;
79;30;15;1159;;
79;30;16;1159;2;
79;30;17;1160;1;
79;30;18;1160;;
79;30;19;1160;;
79;30;20;1160;;
79;30;21;1160;;
79;30;22;1160;;
79;30;23;1160;;
79;30;24;1160;;
79;30;25;1160;;
79;30;26;1160;;
79;30;27;1160;;
79;30;28;1160;;
79;30;29;1160;;
79;30;30;1160;;
79;30;31;1160;;
79;30;32;1160;;
79;30;33;1160;2;
79;30;34;1161;1;
79;30;35;1161;;
79;30;36;1161;;
79;30;37;1161;;
79;30;38;1161;;
79;30;39;1161;;
79;30;40;1161;;
79;30;41;1161;;
79;30;42;1161;;
79;30;43;1161;;
79;30;44;1161;;
79;30;45;1161;;
79;30;46;1161;2;
80;30;1;1162;1;
80;30;2;1162;;
80;30;3;1162;;
80;30;4;1162;;
80;30;5;1162;;
80;30;6;1162;;
80;30;7;1162;;
80;30;8;1162;;
80;30;9;1162;;
80;30;10;1162;;
80;30;11;1162;;
80;30;12;1162;;
80;30;13;1162;;
80;30;14;1162;;
80;30;15;1162;;
80;30;16;1162;;
80;30;17;1162;;
80;30;18;1162;;
80;30;19;1162;;
80;30;20;1162;;
80;30;21;1162;;
80;30;22;1162;;
80;30;23;1162;2;
80;30;24;1163;1;
80;30;25;1163;;
80;30;26;1163;;
80;30;27;1163;;
80;30;28;1163;;
80;30;29;1163;;
80;30;30;1163;;
80;30;31;1163;;
80;30;32;1163;;
80;30;33;1163;;
80;30;34;1163;;
80;30;35;1163;;
80;30;36;1163;;
80;30;37;1163;;
80;30;38;1163;;
80;30;39;1163;;
80;30;40;1163;;
80;30;41;1163;;
80;30;42;1163;2;
81;30;1;1164;1;
81;30;2;1164;;
81;30;3;1164;;
81;30;4;1164;;
81;30;5;1164;;
81;30;6;1164;;
81;30;7;1164;;
81;30;8;1164;;
81;30;9;1164;;
81;30;10;1164;;
81;30;11;1164;;
81;30;12;1164;;
81;30;13;1164;;
81;30;14;1164;2;
81;30;15;1165;1;
81;30;16;1165;;
81;30;17;1165;;
81;30;18;1165;;
81;30;19;1165;;
81;30;20;1165;;
81;30;21;1165;;
81;30;22;1165;;
81;30;23;1165;;
81;30;24;1165;;
81;30;25;1165;;
81;30;26;1165;;
81;30;27;1165;;
81;30;28;1165;;
81;30;29;1165;2;
82;30;1;1166;1;
82;30;2;1166;;
82;30;3;1166;;
82;30;4;1166;;
82;30;5;1166;;
82;30;6;1166;;
82;30;7;1166;;
82;30;8;1166;;
82;30;9;1166;2;
82;30;10;1167;1;
82;30;11;1167;;
82;30;12;1167;;
82;30;13;1167;;
82;30;14;1167;;
82;30;15;1167;;
82;30;16;1167;;
82;30;17;1167;;
82;30;18;1167;;
82;30;19;1167;2;
83;30;1;1168;1;
83;30;2;1168;;
83;30;3;1168;;
83;30;4;1168;;
83;30;5;1168;;
83;30;6;1168;;
83;30;7;1168;;
83;30;8;1168;;
83;30;9;1168;;
83;30;10;1168;;
83;30;11;1168;;
83;30;12;1168;2;
83;30;13;1169;1;
83;30;14;1169;;
83;30;15;1169;;
83;30;16;1169;;
83;30;17;1169;;
83;30;18;1169;;
83;30;19;1169;;
83;30;20;1169;;
83;30;21;1169;;
83;30;22;1169;;
83;30;23;1169;;
83;30;24;1169;;
83;30;25;1169;;
83;30;26;1169;2;
83;30;27;1170;1;
83;30;28;1170;;
83;30;29;1170;;
83;30;30;1170;;
83;30;31;1170;;
83;30;32;1170;;
83;30;33;1170;;
83;30;34;1170;;
83;30;35;1170;;
83;30;36;1170;2;
84;30;1;1171;1;
84;30;2;1171;;
84;30;3;1171;;
84;30;4;1171;;
84;30;5;1171;;
84;30;6;1171;;
84;30;7;1171;;
84;30;8;1171;;
84;30;9;1171;;
84;30;10;1171;;
84;30;11;1171;;
84;30;12;1171;;
84;30;13;1171;;
84;30;14;1171;2;
84;30;15;1172;1;
84;30;16;1172;;
84;30;17;1172;;
84;30;18;1172;;
84;30;19;1172;;
84;30;20;1172;;
84;30;21;1172;;
84;30;22;1172;;
84;30;23;1172;;
84;30;24;1172;;
84;30;25;1172;2;
85;30;1;1173;1;
85;30;2;1173;;
85;30;3;1173;;
85;30;4;1173;;
85;30;5;1173;;
85;30;6;1173;;
85;30;7;1173;;
85;30;8;1173;;
85;30;9;1173;;
85;30;10;1173;2;
85;30;11;1174;1;
85;30;12;1174;;
85;30;13;1174;;
85;30;14;1174;;
85;30;15;1174;;
85;30;16;1174;;
85;30;17;1174;;
85;30;18;1174;;
85;30;19;1174;;
85;30;20;1174;;
85;30;21;1174;;
85;30;22;1174;2;
86;30;1;1175;1;
86;30;2;1175;;
86;30;3;1175;;
86;30;4;1175;;
86;30;5;1175;;
86;30;6;1175;;
86;30;7;1175;;
86;30;8;1175;;
86;30;9;1175;;
86;30;10;1175;;
86;30;11;1175;;
86;30;12;1175;;
86;30;13;1175;;
86;30;14;1175;;
86;30;15;1175;;
86;30;16;1175;;
86;30;17;1175;2;
87;30;1;1176;1;
87;30;2;1176;;
87;30;3;1176;;
87;30;4;1176;;
87;30;5;1176;;
87;30;6;1176;;
87;30;7;1176;;
87;30;8;1176;;
87;30;9;1176;;
87;30;10;1176;2;
87;30;11;1177;1;
87;30;12;1177;;
87;30;13;1177;;
87;30;14;1177;;
87;30;15;1177;;
87;30;16;1177;;
87;30;17;1177;;
87;30;18;1177;;
87;30;19;1177;2;
88;30;1;1178;1;
88;30;2;1178;;
88;30;3;1178;;
88;30;4;1178;;
88;30;5;1178;;
88;30;6;1178;;
88;30;7;1178;;
88;30;8;1178;;
88;30;9;1178;;
88;30;10;1178;;
88;30;11;1178;;
88;30;12;1178;;
88;30;13;1178;2;
88;30;14;1179;1;
88;30;15;1179;;
88;30;16;1179;;
88;30;17;1179;;
88;30;18;1179;;
88;30;19;1179;;
88;30;20;1179;;
88;30;21;1179;;
88;30;22;1179;;
88;30;23;1179;;
88;30;24;1179;;
88;30;25;1179;;
88;30;26;1179;2;
89;30;1;1180;1;
89;30;2;1180;;
89;30;3;1180;;
89;30;4;1180;;
89;30;5;1180;;
89;30;6;1180;;
89;30;7;1180;;
89;30;8;1180;;
89;30;9;1180;;
89;30;10;1180;;
89;30;11;1180;;
89;30;12;1180;;
89;30;13;1180;;
89;30;14;1180;;
89;30;15;1180;;
89;30;16;1180;2;
89;30;17;1181;1;
89;30;18;1181;;
89;30;19;1181;;
89;30;20;1181;;
89;30;21;1181;;
89;30;22;1181;;
89;30;23;1181;;
89;30;24;1181;;
89;30;25;1181;;
89;30;26;1181;;
89;30;27;1181;;
89;30;28;1181;;
89;30;29;1181;;
89;30;30;1181;2;
90;30;1;1182;1;
90;30;2;1182;;
90;30;3;1182;;
90;30;4;1182;;
90;30;5;1182;;
90;30;6;1182;;
90;30;7;1182;;
90;30;8;1182;;
90;30;9;1182;;
90;30;10;1182;2;
90;30;11;1183;1;
90;30;12;1183;;
90;30;13;1183;;
90;30;14;1183;;
90;30;15;1183;;
90;30;16;1183;;
90;30;17;1183;;
90;30;18;1183;;
90;30;19;1183;;
90;30;20;1183;2;
91;30;1;1184;1;
91;30;2;1184;;
91;30;3;1184;;
91;30;4;1184;;
91;30;5;1184;;
91;30;6;1184;;
91;30;7;1184;;
91;30;8;1184;;
91;30;9;1184;;
91;30;10;1184;;
91;30;11;1184;;
91;30;12;1184;;
91;30;13;1184;;
91;30;14;1184;;
91;30;15;1184;2;
92;30;1;1185;1;
92;30;2;1185;;
92;30;3;1185;;
92;30;4;1185;;
92;30;5;1185;;
92;30;6;1185;;
92;30;7;1185;;
92;30;8;1185;;
92;30;9;1185;;
92;30;10;1185;;
92;30;11;1185;;
92;30;12;1185;;
92;30;13;1185;;
92;30;14;1185;;
92;30;15;1185;;
92;30;16;1185;;
92;30;17;1185;;
92;30;18;1185;;
92;30;19;1185;;
92;30;20;1185;;
92;30;21;1185;2;
93;30;1;1186;1;
93;30;2;1186;;
93;30;3;1186;;
93;30;4;1186;;
93;30;5;1186;;
93;30;6;1186;;
93;30;7;1186;;
93;30;8;1186;;
93;30;9;1186;;
93;30;10;1186;;
93;30;11;1186;2;
94;30;1;1187;1;
94;30;2;1187;;
94;30;3;1187;;
94;30;4;1187;;
94;30;5;1187;;
94;30;6;1187;;
94;30;7;1187;;
94;30;8;1187;;
95;30;1;1187;;
95;30;2;1187;;
95;30;3;1187;;
95;30;4;1187;;
95;30;5;1187;;
95;30;6;1187;;
95;30;7;1187;;
95;30;8;1187;2;
96;30;1;1188;1;
96;30;2;1188;;
96;30;3;1188;;
96;30;4;1188;;
96;30;5;1188;;
96;30;6;1188;;
96;30;7;1188;;
96;30;8;1188;;
96;30;9;1188;;
96;30;10;1188;;
96;30;11;1188;;
96;30;12;1188;;
96;30;13;1188;;
96;30;14;1188;;
96;30;15;1188;;
96;30;16;1188;;
96;30;17;1188;;
96;30;18;1188;;
96;30;19;1188;2;
97;30;1;1189;1;
97;30;2;1189;;
97;30;3;1189;;
97;30;4;1189;;
97;30;5;1189;;
98;30;1;1189;;
98;30;2;1189;;
98;30;3;1189;;
98;30;4;1189;;
98;30;5;1189;2;
98;30;6;1190;1;
98;30;7;1190;;
98;30;8;1190;;
99;30;1;1190;;
99;30;2;1190;;
99;30;3;1190;;
99;30;4;1190;;
99;30;5;1190;;
99;30;6;1190;;
99;30;7;1190;;
99;30;8;1190;2;
100;30;1;1191;1;
100;30;2;1191;;
100;30;3;1191;;
100;30;4;1191;;
100;30;5;1191;;
100;30;6;1191;;
100;30;7;1191;;
100;30;8;1191;;
100;30;9;1191;;
100;30;10;1191;;
100;30;11;1191;2;
101;30;1;1192;1;
101;30;2;1192;;
101;30;3;1192;;
101;30;4;1192;;
101;30;5;1192;;
101;30;6;1192;;
101;30;7;1192;;
101;30;8;1192;;
101;30;9;1192;;
101;30;10;1192;;
101;30;11;1192;;
102;30;1;1192;;
102;30;2;1192;;
102;30;3;1192;;
102;30;4;1192;;
102;30;5;1192;;
102;30;6;1192;;
102;30;7;1192;;
102;30;8;1192;2;
103;30;1;1193;1;
103;30;2;1193;;
103;30;3;1193;;
104;30;1;1193;;
104;30;2;1193;;
104;30;3;1193;;
104;30;4;1193;;
104;30;5;1193;;
104;30;6;1193;;
104;30;7;1193;;
104;30;8;1193;;
104;30;9;1193;2;
105;30;1;1194;1;
105;30;2;1194;;
105;30;3;1194;;
105;30;4;1194;;
105;30;5;1194;;
106;30;1;1194;;
106;30;2;1194;;
106;30;3;1194;;
106;30;4;1194;2;
107;30;1;1195;1;
107;30;2;1195;;
107;30;3;1195;;
107;30;4;1195;;
107;30;5;1195;;
107;30;6;1195;;
107;30;7;1195;;
108;30;1;1195;;
108;30;2;1195;;
108;30;3;1195;2;
109;30;1;1196;1;
109;30;2;1196;;
109;30;3;1196;;
109;30;4;1196;;
109;30;5;1196;;
109;30;6;1196;;
110;30;1;1196;;
110;30;2;1196;;
110;30;3;1196;;
111;30;1;1196;;
111;30;2;1196;;
111;30;3;1196;;
111;30;4;1196;;
111;30;5;1196;2;
112;30;1;1197;1;
112;30;2;1197;;
112;30;3;1197;;
112;30;4;1197;;
113;30;1;1197;;
113;30;2;1197;;
113;30;3;1197;;
113;30;4;1197;;
113;30;5;1197;;
114;30;1;1197;;
114;30;2;1197;;
114;30;3;1197;;
114;30;4;1197;;
114;30;5;1197;;
114;30;6;1197;2;1
